phase,replicate,trial_id,scenario_id,received_mask,arrival_order,method_order
pilot,0,0,iid_p25,28,L2|E1|E2|L1|G1,replication|shamir_3_5|gatl_gateway|native|rs_2_5_gateway_check|gatl_uniform_3_5|rs_3_5
pilot,0,0,iid_p00,31,L2|E1|E2|L1|G1,replication|shamir_3_5|gatl_gateway|native|rs_2_5_gateway_check|gatl_uniform_3_5|rs_3_5
pilot,0,0,shared_risk_matched_p20,29,L2|E1|E2|L1|G1,replication|shamir_3_5|gatl_gateway|native|rs_2_5_gateway_check|gatl_uniform_3_5|rs_3_5
pilot,0,0,iid_p60,8,L2|E1|E2|L1|G1,replication|shamir_3_5|gatl_gateway|native|rs_2_5_gateway_check|gatl_uniform_3_5|rs_3_5
pilot,0,0,iid_p50,24,L2|E1|E2|L1|G1,replication|shamir_3_5|gatl_gateway|native|rs_2_5_gateway_check|gatl_uniform_3_5|rs_3_5
pilot,0,0,iid_p55,8,L2|E1|E2|L1|G1,replication|shamir_3_5|gatl_gateway|native|rs_2_5_gateway_check|gatl_uniform_3_5|rs_3_5
pilot,0,0,iid_p35,28,L2|E1|E2|L1|G1,replication|shamir_3_5|gatl_gateway|native|rs_2_5_gateway_check|gatl_uniform_3_5|rs_3_5
pilot,0,0,iid_p05,31,L2|E1|E2|L1|G1,replication|shamir_3_5|gatl_gateway|native|rs_2_5_gateway_check|gatl_uniform_3_5|rs_3_5
pilot,0,0,iid_p40,28,L2|E1|E2|L1|G1,replication|shamir_3_5|gatl_gateway|native|rs_2_5_gateway_check|gatl_uniform_3_5|rs_3_5
pilot,0,0,iid_p10,29,L2|E1|E2|L1|G1,replication|shamir_3_5|gatl_gateway|native|rs_2_5_gateway_check|gatl_uniform_3_5|rs_3_5
pilot,0,0,iid_p20,28,L2|E1|E2|L1|G1,replication|shamir_3_5|gatl_gateway|native|rs_2_5_gateway_check|gatl_uniform_3_5|rs_3_5
pilot,0,0,heterogeneous_example,29,L2|E1|E2|L1|G1,replication|shamir_3_5|gatl_gateway|native|rs_2_5_gateway_check|gatl_uniform_3_5|rs_3_5
pilot,0,0,iid_p30,28,L2|E1|E2|L1|G1,replication|shamir_3_5|gatl_gateway|native|rs_2_5_gateway_check|gatl_uniform_3_5|rs_3_5
pilot,0,0,iid_p45,24,L2|E1|E2|L1|G1,replication|shamir_3_5|gatl_gateway|native|rs_2_5_gateway_check|gatl_uniform_3_5|rs_3_5
pilot,0,0,iid_p15,29,L2|E1|E2|L1|G1,replication|shamir_3_5|gatl_gateway|native|rs_2_5_gateway_check|gatl_uniform_3_5|rs_3_5
pilot,0,1,iid_p20,15,L1|E1|G1|E2|L2,shamir_3_5|gatl_gateway|native|rs_2_5_gateway_check|gatl_uniform_3_5|rs_3_5|replication
pilot,0,1,iid_p40,13,L1|E1|G1|E2|L2,shamir_3_5|gatl_gateway|native|rs_2_5_gateway_check|gatl_uniform_3_5|rs_3_5|replication
pilot,0,1,iid_p60,13,L1|E1|G1|E2|L2,shamir_3_5|gatl_gateway|native|rs_2_5_gateway_check|gatl_uniform_3_5|rs_3_5|replication
pilot,0,1,iid_p35,15,L1|E1|G1|E2|L2,shamir_3_5|gatl_gateway|native|rs_2_5_gateway_check|gatl_uniform_3_5|rs_3_5|replication
pilot,0,1,iid_p30,15,L1|E1|G1|E2|L2,shamir_3_5|gatl_gateway|native|rs_2_5_gateway_check|gatl_uniform_3_5|rs_3_5|replication
pilot,0,1,iid_p10,15,L1|E1|G1|E2|L2,shamir_3_5|gatl_gateway|native|rs_2_5_gateway_check|gatl_uniform_3_5|rs_3_5|replication
pilot,0,1,iid_p25,15,L1|E1|G1|E2|L2,shamir_3_5|gatl_gateway|native|rs_2_5_gateway_check|gatl_uniform_3_5|rs_3_5|replication
pilot,0,1,iid_p45,13,L1|E1|G1|E2|L2,shamir_3_5|gatl_gateway|native|rs_2_5_gateway_check|gatl_uniform_3_5|rs_3_5|replication
pilot,0,1,iid_p50,13,L1|E1|G1|E2|L2,shamir_3_5|gatl_gateway|native|rs_2_5_gateway_check|gatl_uniform_3_5|rs_3_5|replication
pilot,0,1,iid_p55,13,L1|E1|G1|E2|L2,shamir_3_5|gatl_gateway|native|rs_2_5_gateway_check|gatl_uniform_3_5|rs_3_5|replication
pilot,0,1,iid_p00,31,L1|E1|G1|E2|L2,shamir_3_5|gatl_gateway|native|rs_2_5_gateway_check|gatl_uniform_3_5|rs_3_5|replication
pilot,0,1,shared_risk_matched_p20,15,L1|E1|G1|E2|L2,shamir_3_5|gatl_gateway|native|rs_2_5_gateway_check|gatl_uniform_3_5|rs_3_5|replication
pilot,0,1,iid_p15,15,L1|E1|G1|E2|L2,shamir_3_5|gatl_gateway|native|rs_2_5_gateway_check|gatl_uniform_3_5|rs_3_5|replication
pilot,0,1,heterogeneous_example,15,L1|E1|G1|E2|L2,shamir_3_5|gatl_gateway|native|rs_2_5_gateway_check|gatl_uniform_3_5|rs_3_5|replication
pilot,0,1,iid_p05,31,L1|E1|G1|E2|L2,shamir_3_5|gatl_gateway|native|rs_2_5_gateway_check|gatl_uniform_3_5|rs_3_5|replication
pilot,0,2,iid_p30,13,E1|L1|E2|G1|L2,rs_2_5_gateway_check|gatl_uniform_3_5|rs_3_5|replication|shamir_3_5|gatl_gateway|native
pilot,0,2,heterogeneous_example,13,E1|L1|E2|G1|L2,rs_2_5_gateway_check|gatl_uniform_3_5|rs_3_5|replication|shamir_3_5|gatl_gateway|native
pilot,0,2,iid_p60,1,E1|L1|E2|G1|L2,rs_2_5_gateway_check|gatl_uniform_3_5|rs_3_5|replication|shamir_3_5|gatl_gateway|native
pilot,0,2,shared_risk_matched_p20,15,E1|L1|E2|G1|L2,rs_2_5_gateway_check|gatl_uniform_3_5|rs_3_5|replication|shamir_3_5|gatl_gateway|native
pilot,0,2,iid_p15,15,E1|L1|E2|G1|L2,rs_2_5_gateway_check|gatl_uniform_3_5|rs_3_5|replication|shamir_3_5|gatl_gateway|native
pilot,0,2,iid_p40,5,E1|L1|E2|G1|L2,rs_2_5_gateway_check|gatl_uniform_3_5|rs_3_5|replication|shamir_3_5|gatl_gateway|native
pilot,0,2,iid_p55,1,E1|L1|E2|G1|L2,rs_2_5_gateway_check|gatl_uniform_3_5|rs_3_5|replication|shamir_3_5|gatl_gateway|native
pilot,0,2,iid_p45,1,E1|L1|E2|G1|L2,rs_2_5_gateway_check|gatl_uniform_3_5|rs_3_5|replication|shamir_3_5|gatl_gateway|native
pilot,0,2,iid_p10,15,E1|L1|E2|G1|L2,rs_2_5_gateway_check|gatl_uniform_3_5|rs_3_5|replication|shamir_3_5|gatl_gateway|native
pilot,0,2,iid_p20,13,E1|L1|E2|G1|L2,rs_2_5_gateway_check|gatl_uniform_3_5|rs_3_5|replication|shamir_3_5|gatl_gateway|native
pilot,0,2,iid_p35,13,E1|L1|E2|G1|L2,rs_2_5_gateway_check|gatl_uniform_3_5|rs_3_5|replication|shamir_3_5|gatl_gateway|native
pilot,0,2,iid_p00,31,E1|L1|E2|G1|L2,rs_2_5_gateway_check|gatl_uniform_3_5|rs_3_5|replication|shamir_3_5|gatl_gateway|native
pilot,0,2,iid_p50,1,E1|L1|E2|G1|L2,rs_2_5_gateway_check|gatl_uniform_3_5|rs_3_5|replication|shamir_3_5|gatl_gateway|native
pilot,0,2,iid_p25,13,E1|L1|E2|G1|L2,rs_2_5_gateway_check|gatl_uniform_3_5|rs_3_5|replication|shamir_3_5|gatl_gateway|native
pilot,0,2,iid_p05,15,E1|L1|E2|G1|L2,rs_2_5_gateway_check|gatl_uniform_3_5|rs_3_5|replication|shamir_3_5|gatl_gateway|native
pilot,0,3,iid_p05,31,E2|E1|L1|L2|G1,gatl_uniform_3_5|rs_3_5|replication|shamir_3_5|gatl_gateway|native|rs_2_5_gateway_check
pilot,0,3,iid_p60,0,E2|E1|L1|L2|G1,gatl_uniform_3_5|rs_3_5|replication|shamir_3_5|gatl_gateway|native|rs_2_5_gateway_check
pilot,0,3,iid_p45,24,E2|E1|L1|L2|G1,gatl_uniform_3_5|rs_3_5|replication|shamir_3_5|gatl_gateway|native|rs_2_5_gateway_check
pilot,0,3,iid_p10,31,E2|E1|L1|L2|G1,gatl_uniform_3_5|rs_3_5|replication|shamir_3_5|gatl_gateway|native|rs_2_5_gateway_check
pilot,0,3,iid_p55,0,E2|E1|L1|L2|G1,gatl_uniform_3_5|rs_3_5|replication|shamir_3_5|gatl_gateway|native|rs_2_5_gateway_check
pilot,0,3,iid_p30,30,E2|E1|L1|L2|G1,gatl_uniform_3_5|rs_3_5|replication|shamir_3_5|gatl_gateway|native|rs_2_5_gateway_check
pilot,0,3,heterogeneous_example,27,E2|E1|L1|L2|G1,gatl_uniform_3_5|rs_3_5|replication|shamir_3_5|gatl_gateway|native|rs_2_5_gateway_check
pilot,0,3,iid_p20,30,E2|E1|L1|L2|G1,gatl_uniform_3_5|rs_3_5|replication|shamir_3_5|gatl_gateway|native|rs_2_5_gateway_check
pilot,0,3,iid_p40,24,E2|E1|L1|L2|G1,gatl_uniform_3_5|rs_3_5|replication|shamir_3_5|gatl_gateway|native|rs_2_5_gateway_check
pilot,0,3,iid_p00,31,E2|E1|L1|L2|G1,gatl_uniform_3_5|rs_3_5|replication|shamir_3_5|gatl_gateway|native|rs_2_5_gateway_check
pilot,0,3,shared_risk_matched_p20,31,E2|E1|L1|L2|G1,gatl_uniform_3_5|rs_3_5|replication|shamir_3_5|gatl_gateway|native|rs_2_5_gateway_check
pilot,0,3,iid_p35,26,E2|E1|L1|L2|G1,gatl_uniform_3_5|rs_3_5|replication|shamir_3_5|gatl_gateway|native|rs_2_5_gateway_check
pilot,0,3,iid_p50,0,E2|E1|L1|L2|G1,gatl_uniform_3_5|rs_3_5|replication|shamir_3_5|gatl_gateway|native|rs_2_5_gateway_check
pilot,0,3,iid_p15,31,E2|E1|L1|L2|G1,gatl_uniform_3_5|rs_3_5|replication|shamir_3_5|gatl_gateway|native|rs_2_5_gateway_check
pilot,0,3,iid_p25,30,E2|E1|L1|L2|G1,gatl_uniform_3_5|rs_3_5|replication|shamir_3_5|gatl_gateway|native|rs_2_5_gateway_check
pilot,0,4,iid_p10,31,L1|E1|L2|E2|G1,gatl_gateway|native|rs_2_5_gateway_check|gatl_uniform_3_5|rs_3_5|replication|shamir_3_5
pilot,0,4,iid_p60,12,L1|E1|L2|E2|G1,gatl_gateway|native|rs_2_5_gateway_check|gatl_uniform_3_5|rs_3_5|replication|shamir_3_5
pilot,0,4,iid_p45,13,L1|E1|L2|E2|G1,gatl_gateway|native|rs_2_5_gateway_check|gatl_uniform_3_5|rs_3_5|replication|shamir_3_5
pilot,0,4,iid_p15,29,L1|E1|L2|E2|G1,gatl_gateway|native|rs_2_5_gateway_check|gatl_uniform_3_5|rs_3_5|replication|shamir_3_5
pilot,0,4,iid_p40,13,L1|E1|L2|E2|G1,gatl_gateway|native|rs_2_5_gateway_check|gatl_uniform_3_5|rs_3_5|replication|shamir_3_5
pilot,0,4,shared_risk_matched_p20,29,L1|E1|L2|E2|G1,gatl_gateway|native|rs_2_5_gateway_check|gatl_uniform_3_5|rs_3_5|replication|shamir_3_5
pilot,0,4,iid_p50,13,L1|E1|L2|E2|G1,gatl_gateway|native|rs_2_5_gateway_check|gatl_uniform_3_5|rs_3_5|replication|shamir_3_5
pilot,0,4,iid_p35,29,L1|E1|L2|E2|G1,gatl_gateway|native|rs_2_5_gateway_check|gatl_uniform_3_5|rs_3_5|replication|shamir_3_5
pilot,0,4,iid_p00,31,L1|E1|L2|E2|G1,gatl_gateway|native|rs_2_5_gateway_check|gatl_uniform_3_5|rs_3_5|replication|shamir_3_5
pilot,0,4,iid_p30,29,L1|E1|L2|E2|G1,gatl_gateway|native|rs_2_5_gateway_check|gatl_uniform_3_5|rs_3_5|replication|shamir_3_5
pilot,0,4,iid_p55,13,L1|E1|L2|E2|G1,gatl_gateway|native|rs_2_5_gateway_check|gatl_uniform_3_5|rs_3_5|replication|shamir_3_5
pilot,0,4,iid_p20,29,L1|E1|L2|E2|G1,gatl_gateway|native|rs_2_5_gateway_check|gatl_uniform_3_5|rs_3_5|replication|shamir_3_5
pilot,0,4,iid_p05,31,L1|E1|L2|E2|G1,gatl_gateway|native|rs_2_5_gateway_check|gatl_uniform_3_5|rs_3_5|replication|shamir_3_5
pilot,0,4,heterogeneous_example,29,L1|E1|L2|E2|G1,gatl_gateway|native|rs_2_5_gateway_check|gatl_uniform_3_5|rs_3_5|replication|shamir_3_5
pilot,0,4,iid_p25,29,L1|E1|L2|E2|G1,gatl_gateway|native|rs_2_5_gateway_check|gatl_uniform_3_5|rs_3_5|replication|shamir_3_5
pilot,0,5,iid_p00,31,L1|L2|E1|G1|E2,rs_3_5|replication|shamir_3_5|gatl_gateway|native|rs_2_5_gateway_check|gatl_uniform_3_5
pilot,0,5,iid_p20,29,L1|L2|E1|G1|E2,rs_3_5|replication|shamir_3_5|gatl_gateway|native|rs_2_5_gateway_check|gatl_uniform_3_5
pilot,0,5,heterogeneous_example,29,L1|L2|E1|G1|E2,rs_3_5|replication|shamir_3_5|gatl_gateway|native|rs_2_5_gateway_check|gatl_uniform_3_5
pilot,0,5,iid_p45,29,L1|L2|E1|G1|E2,rs_3_5|replication|shamir_3_5|gatl_gateway|native|rs_2_5_gateway_check|gatl_uniform_3_5
pilot,0,5,iid_p50,29,L1|L2|E1|G1|E2,rs_3_5|replication|shamir_3_5|gatl_gateway|native|rs_2_5_gateway_check|gatl_uniform_3_5
pilot,0,5,iid_p25,29,L1|L2|E1|G1|E2,rs_3_5|replication|shamir_3_5|gatl_gateway|native|rs_2_5_gateway_check|gatl_uniform_3_5
pilot,0,5,iid_p55,29,L1|L2|E1|G1|E2,rs_3_5|replication|shamir_3_5|gatl_gateway|native|rs_2_5_gateway_check|gatl_uniform_3_5
pilot,0,5,iid_p35,29,L1|L2|E1|G1|E2,rs_3_5|replication|shamir_3_5|gatl_gateway|native|rs_2_5_gateway_check|gatl_uniform_3_5
pilot,0,5,iid_p15,29,L1|L2|E1|G1|E2,rs_3_5|replication|shamir_3_5|gatl_gateway|native|rs_2_5_gateway_check|gatl_uniform_3_5
pilot,0,5,iid_p40,29,L1|L2|E1|G1|E2,rs_3_5|replication|shamir_3_5|gatl_gateway|native|rs_2_5_gateway_check|gatl_uniform_3_5
pilot,0,5,iid_p60,20,L1|L2|E1|G1|E2,rs_3_5|replication|shamir_3_5|gatl_gateway|native|rs_2_5_gateway_check|gatl_uniform_3_5
pilot,0,5,shared_risk_matched_p20,29,L1|L2|E1|G1|E2,rs_3_5|replication|shamir_3_5|gatl_gateway|native|rs_2_5_gateway_check|gatl_uniform_3_5
pilot,0,5,iid_p10,29,L1|L2|E1|G1|E2,rs_3_5|replication|shamir_3_5|gatl_gateway|native|rs_2_5_gateway_check|gatl_uniform_3_5
pilot,0,5,iid_p05,29,L1|L2|E1|G1|E2,rs_3_5|replication|shamir_3_5|gatl_gateway|native|rs_2_5_gateway_check|gatl_uniform_3_5
pilot,0,5,iid_p30,29,L1|L2|E1|G1|E2,rs_3_5|replication|shamir_3_5|gatl_gateway|native|rs_2_5_gateway_check|gatl_uniform_3_5
pilot,0,6,iid_p25,27,G1|L2|E1|L1|E2,native|rs_2_5_gateway_check|gatl_uniform_3_5|rs_3_5|replication|shamir_3_5|gatl_gateway
pilot,0,6,iid_p10,27,G1|L2|E1|L1|E2,native|rs_2_5_gateway_check|gatl_uniform_3_5|rs_3_5|replication|shamir_3_5|gatl_gateway
pilot,0,6,shared_risk_matched_p20,27,G1|L2|E1|L1|E2,native|rs_2_5_gateway_check|gatl_uniform_3_5|rs_3_5|replication|shamir_3_5|gatl_gateway
pilot,0,6,iid_p50,27,G1|L2|E1|L1|E2,native|rs_2_5_gateway_check|gatl_uniform_3_5|rs_3_5|replication|shamir_3_5|gatl_gateway
pilot,0,6,iid_p40,27,G1|L2|E1|L1|E2,native|rs_2_5_gateway_check|gatl_uniform_3_5|rs_3_5|replication|shamir_3_5|gatl_gateway
pilot,0,6,iid_p30,27,G1|L2|E1|L1|E2,native|rs_2_5_gateway_check|gatl_uniform_3_5|rs_3_5|replication|shamir_3_5|gatl_gateway
pilot,0,6,heterogeneous_example,27,G1|L2|E1|L1|E2,native|rs_2_5_gateway_check|gatl_uniform_3_5|rs_3_5|replication|shamir_3_5|gatl_gateway
pilot,0,6,iid_p60,18,G1|L2|E1|L1|E2,native|rs_2_5_gateway_check|gatl_uniform_3_5|rs_3_5|replication|shamir_3_5|gatl_gateway
pilot,0,6,iid_p45,27,G1|L2|E1|L1|E2,native|rs_2_5_gateway_check|gatl_uniform_3_5|rs_3_5|replication|shamir_3_5|gatl_gateway
pilot,0,6,iid_p20,27,G1|L2|E1|L1|E2,native|rs_2_5_gateway_check|gatl_uniform_3_5|rs_3_5|replication|shamir_3_5|gatl_gateway
pilot,0,6,iid_p00,31,G1|L2|E1|L1|E2,native|rs_2_5_gateway_check|gatl_uniform_3_5|rs_3_5|replication|shamir_3_5|gatl_gateway
pilot,0,6,iid_p05,27,G1|L2|E1|L1|E2,native|rs_2_5_gateway_check|gatl_uniform_3_5|rs_3_5|replication|shamir_3_5|gatl_gateway
pilot,0,6,iid_p55,18,G1|L2|E1|L1|E2,native|rs_2_5_gateway_check|gatl_uniform_3_5|rs_3_5|replication|shamir_3_5|gatl_gateway
pilot,0,6,iid_p35,27,G1|L2|E1|L1|E2,native|rs_2_5_gateway_check|gatl_uniform_3_5|rs_3_5|replication|shamir_3_5|gatl_gateway
pilot,0,6,iid_p15,27,G1|L2|E1|L1|E2,native|rs_2_5_gateway_check|gatl_uniform_3_5|rs_3_5|replication|shamir_3_5|gatl_gateway
pilot,0,7,iid_p20,29,L2|L1|E2|E1|G1,gatl_uniform_3_5|rs_3_5|rs_2_5_gateway_check|gatl_gateway|native|replication|shamir_3_5
pilot,0,7,shared_risk_matched_p20,24,L2|L1|E2|E1|G1,gatl_uniform_3_5|rs_3_5|rs_2_5_gateway_check|gatl_gateway|native|replication|shamir_3_5
pilot,0,7,iid_p40,25,L2|L1|E2|E1|G1,gatl_uniform_3_5|rs_3_5|rs_2_5_gateway_check|gatl_gateway|native|replication|shamir_3_5
pilot,0,7,iid_p35,29,L2|L1|E2|E1|G1,gatl_uniform_3_5|rs_3_5|rs_2_5_gateway_check|gatl_gateway|native|replication|shamir_3_5
pilot,0,7,iid_p05,29,L2|L1|E2|E1|G1,gatl_uniform_3_5|rs_3_5|rs_2_5_gateway_check|gatl_gateway|native|replication|shamir_3_5
pilot,0,7,iid_p15,29,L2|L1|E2|E1|G1,gatl_uniform_3_5|rs_3_5|rs_2_5_gateway_check|gatl_gateway|native|replication|shamir_3_5
pilot,0,7,heterogeneous_example,29,L2|L1|E2|E1|G1,gatl_uniform_3_5|rs_3_5|rs_2_5_gateway_check|gatl_gateway|native|replication|shamir_3_5
pilot,0,7,iid_p45,25,L2|L1|E2|E1|G1,gatl_uniform_3_5|rs_3_5|rs_2_5_gateway_check|gatl_gateway|native|replication|shamir_3_5
pilot,0,7,iid_p60,25,L2|L1|E2|E1|G1,gatl_uniform_3_5|rs_3_5|rs_2_5_gateway_check|gatl_gateway|native|replication|shamir_3_5
pilot,0,7,iid_p55,25,L2|L1|E2|E1|G1,gatl_uniform_3_5|rs_3_5|rs_2_5_gateway_check|gatl_gateway|native|replication|shamir_3_5
pilot,0,7,iid_p10,29,L2|L1|E2|E1|G1,gatl_uniform_3_5|rs_3_5|rs_2_5_gateway_check|gatl_gateway|native|replication|shamir_3_5
pilot,0,7,iid_p25,29,L2|L1|E2|E1|G1,gatl_uniform_3_5|rs_3_5|rs_2_5_gateway_check|gatl_gateway|native|replication|shamir_3_5
pilot,0,7,iid_p00,31,L2|L1|E2|E1|G1,gatl_uniform_3_5|rs_3_5|rs_2_5_gateway_check|gatl_gateway|native|replication|shamir_3_5
pilot,0,7,iid_p50,25,L2|L1|E2|E1|G1,gatl_uniform_3_5|rs_3_5|rs_2_5_gateway_check|gatl_gateway|native|replication|shamir_3_5
pilot,0,7,iid_p30,29,L2|L1|E2|E1|G1,gatl_uniform_3_5|rs_3_5|rs_2_5_gateway_check|gatl_gateway|native|replication|shamir_3_5
pilot,0,8,iid_p60,1,G1|E1|L2|L1|E2,gatl_gateway|native|replication|shamir_3_5|gatl_uniform_3_5|rs_3_5|rs_2_5_gateway_check
pilot,0,8,iid_p30,15,G1|E1|L2|L1|E2,gatl_gateway|native|replication|shamir_3_5|gatl_uniform_3_5|rs_3_5|rs_2_5_gateway_check
pilot,0,8,shared_risk_matched_p20,15,G1|E1|L2|L1|E2,gatl_gateway|native|replication|shamir_3_5|gatl_uniform_3_5|rs_3_5|rs_2_5_gateway_check
pilot,0,8,iid_p55,3,G1|E1|L2|L1|E2,gatl_gateway|native|replication|shamir_3_5|gatl_uniform_3_5|rs_3_5|rs_2_5_gateway_check
pilot,0,8,iid_p05,31,G1|E1|L2|L1|E2,gatl_gateway|native|replication|shamir_3_5|gatl_uniform_3_5|rs_3_5|rs_2_5_gateway_check
pilot,0,8,heterogeneous_example,15,G1|E1|L2|L1|E2,gatl_gateway|native|replication|shamir_3_5|gatl_uniform_3_5|rs_3_5|rs_2_5_gateway_check
pilot,0,8,iid_p20,15,G1|E1|L2|L1|E2,gatl_gateway|native|replication|shamir_3_5|gatl_uniform_3_5|rs_3_5|rs_2_5_gateway_check
pilot,0,8,iid_p50,7,G1|E1|L2|L1|E2,gatl_gateway|native|replication|shamir_3_5|gatl_uniform_3_5|rs_3_5|rs_2_5_gateway_check
pilot,0,8,iid_p35,7,G1|E1|L2|L1|E2,gatl_gateway|native|replication|shamir_3_5|gatl_uniform_3_5|rs_3_5|rs_2_5_gateway_check
pilot,0,8,iid_p45,7,G1|E1|L2|L1|E2,gatl_gateway|native|replication|shamir_3_5|gatl_uniform_3_5|rs_3_5|rs_2_5_gateway_check
pilot,0,8,iid_p00,31,G1|E1|L2|L1|E2,gatl_gateway|native|replication|shamir_3_5|gatl_uniform_3_5|rs_3_5|rs_2_5_gateway_check
pilot,0,8,iid_p25,15,G1|E1|L2|L1|E2,gatl_gateway|native|replication|shamir_3_5|gatl_uniform_3_5|rs_3_5|rs_2_5_gateway_check
pilot,0,8,iid_p10,15,G1|E1|L2|L1|E2,gatl_gateway|native|replication|shamir_3_5|gatl_uniform_3_5|rs_3_5|rs_2_5_gateway_check
pilot,0,8,iid_p40,7,G1|E1|L2|L1|E2,gatl_gateway|native|replication|shamir_3_5|gatl_uniform_3_5|rs_3_5|rs_2_5_gateway_check
pilot,0,8,iid_p15,15,G1|E1|L2|L1|E2,gatl_gateway|native|replication|shamir_3_5|gatl_uniform_3_5|rs_3_5|rs_2_5_gateway_check
pilot,0,9,iid_p30,31,L2|E1|G1|L1|E2,rs_2_5_gateway_check|gatl_gateway|native|replication|shamir_3_5|gatl_uniform_3_5|rs_3_5
pilot,0,9,shared_risk_matched_p20,31,L2|E1|G1|L1|E2,rs_2_5_gateway_check|gatl_gateway|native|replication|shamir_3_5|gatl_uniform_3_5|rs_3_5
pilot,0,9,iid_p35,31,L2|E1|G1|L1|E2,rs_2_5_gateway_check|gatl_gateway|native|replication|shamir_3_5|gatl_uniform_3_5|rs_3_5
pilot,0,9,iid_p60,7,L2|E1|G1|L1|E2,rs_2_5_gateway_check|gatl_gateway|native|replication|shamir_3_5|gatl_uniform_3_5|rs_3_5
pilot,0,9,iid_p10,31,L2|E1|G1|L1|E2,rs_2_5_gateway_check|gatl_gateway|native|replication|shamir_3_5|gatl_uniform_3_5|rs_3_5
pilot,0,9,iid_p55,7,L2|E1|G1|L1|E2,rs_2_5_gateway_check|gatl_gateway|native|replication|shamir_3_5|gatl_uniform_3_5|rs_3_5
pilot,0,9,iid_p40,23,L2|E1|G1|L1|E2,rs_2_5_gateway_check|gatl_gateway|native|replication|shamir_3_5|gatl_uniform_3_5|rs_3_5
pilot,0,9,iid_p15,31,L2|E1|G1|L1|E2,rs_2_5_gateway_check|gatl_gateway|native|replication|shamir_3_5|gatl_uniform_3_5|rs_3_5
pilot,0,9,heterogeneous_example,31,L2|E1|G1|L1|E2,rs_2_5_gateway_check|gatl_gateway|native|replication|shamir_3_5|gatl_uniform_3_5|rs_3_5
pilot,0,9,iid_p25,31,L2|E1|G1|L1|E2,rs_2_5_gateway_check|gatl_gateway|native|replication|shamir_3_5|gatl_uniform_3_5|rs_3_5
pilot,0,9,iid_p05,31,L2|E1|G1|L1|E2,rs_2_5_gateway_check|gatl_gateway|native|replication|shamir_3_5|gatl_uniform_3_5|rs_3_5
pilot,0,9,iid_p45,23,L2|E1|G1|L1|E2,rs_2_5_gateway_check|gatl_gateway|native|replication|shamir_3_5|gatl_uniform_3_5|rs_3_5
pilot,0,9,iid_p50,7,L2|E1|G1|L1|E2,rs_2_5_gateway_check|gatl_gateway|native|replication|shamir_3_5|gatl_uniform_3_5|rs_3_5
pilot,0,9,iid_p00,31,L2|E1|G1|L1|E2,rs_2_5_gateway_check|gatl_gateway|native|replication|shamir_3_5|gatl_uniform_3_5|rs_3_5
pilot,0,9,iid_p20,31,L2|E1|G1|L1|E2,rs_2_5_gateway_check|gatl_gateway|native|replication|shamir_3_5|gatl_uniform_3_5|rs_3_5
pilot,0,10,iid_p25,16,L2|G1|L1|E2|E1,rs_3_5|rs_2_5_gateway_check|gatl_gateway|native|replication|shamir_3_5|gatl_uniform_3_5
pilot,0,10,iid_p60,0,L2|G1|L1|E2|E1,rs_3_5|rs_2_5_gateway_check|gatl_gateway|native|replication|shamir_3_5|gatl_uniform_3_5
pilot,0,10,iid_p10,23,L2|G1|L1|E2|E1,rs_3_5|rs_2_5_gateway_check|gatl_gateway|native|replication|shamir_3_5|gatl_uniform_3_5
pilot,0,10,iid_p00,31,L2|G1|L1|E2|E1,rs_3_5|rs_2_5_gateway_check|gatl_gateway|native|replication|shamir_3_5|gatl_uniform_3_5
pilot,0,10,iid_p55,0,L2|G1|L1|E2|E1,rs_3_5|rs_2_5_gateway_check|gatl_gateway|native|replication|shamir_3_5|gatl_uniform_3_5
pilot,0,10,shared_risk_matched_p20,23,L2|G1|L1|E2|E1,rs_3_5|rs_2_5_gateway_check|gatl_gateway|native|replication|shamir_3_5|gatl_uniform_3_5
pilot,0,10,iid_p50,0,L2|G1|L1|E2|E1,rs_3_5|rs_2_5_gateway_check|gatl_gateway|native|replication|shamir_3_5|gatl_uniform_3_5
pilot,0,10,iid_p35,16,L2|G1|L1|E2|E1,rs_3_5|rs_2_5_gateway_check|gatl_gateway|native|replication|shamir_3_5|gatl_uniform_3_5
pilot,0,10,iid_p30,16,L2|G1|L1|E2|E1,rs_3_5|rs_2_5_gateway_check|gatl_gateway|native|replication|shamir_3_5|gatl_uniform_3_5
pilot,0,10,iid_p20,16,L2|G1|L1|E2|E1,rs_3_5|rs_2_5_gateway_check|gatl_gateway|native|replication|shamir_3_5|gatl_uniform_3_5
pilot,0,10,iid_p05,23,L2|G1|L1|E2|E1,rs_3_5|rs_2_5_gateway_check|gatl_gateway|native|replication|shamir_3_5|gatl_uniform_3_5
pilot,0,10,iid_p45,16,L2|G1|L1|E2|E1,rs_3_5|rs_2_5_gateway_check|gatl_gateway|native|replication|shamir_3_5|gatl_uniform_3_5
pilot,0,10,heterogeneous_example,17,L2|G1|L1|E2|E1,rs_3_5|rs_2_5_gateway_check|gatl_gateway|native|replication|shamir_3_5|gatl_uniform_3_5
pilot,0,10,iid_p15,18,L2|G1|L1|E2|E1,rs_3_5|rs_2_5_gateway_check|gatl_gateway|native|replication|shamir_3_5|gatl_uniform_3_5
pilot,0,10,iid_p40,16,L2|G1|L1|E2|E1,rs_3_5|rs_2_5_gateway_check|gatl_gateway|native|replication|shamir_3_5|gatl_uniform_3_5
pilot,0,11,iid_p55,3,E1|L1|L2|G1|E2,shamir_3_5|gatl_uniform_3_5|rs_3_5|rs_2_5_gateway_check|gatl_gateway|native|replication
pilot,0,11,iid_p00,31,E1|L1|L2|G1|E2,shamir_3_5|gatl_uniform_3_5|rs_3_5|rs_2_5_gateway_check|gatl_gateway|native|replication
pilot,0,11,iid_p25,23,E1|L1|L2|G1|E2,shamir_3_5|gatl_uniform_3_5|rs_3_5|rs_2_5_gateway_check|gatl_gateway|native|replication
pilot,0,11,iid_p60,3,E1|L1|L2|G1|E2,shamir_3_5|gatl_uniform_3_5|rs_3_5|rs_2_5_gateway_check|gatl_gateway|native|replication
pilot,0,11,iid_p45,7,E1|L1|L2|G1|E2,shamir_3_5|gatl_uniform_3_5|rs_3_5|rs_2_5_gateway_check|gatl_gateway|native|replication
pilot,0,11,shared_risk_matched_p20,7,E1|L1|L2|G1|E2,shamir_3_5|gatl_uniform_3_5|rs_3_5|rs_2_5_gateway_check|gatl_gateway|native|replication
pilot,0,11,iid_p15,23,E1|L1|L2|G1|E2,shamir_3_5|gatl_uniform_3_5|rs_3_5|rs_2_5_gateway_check|gatl_gateway|native|replication
pilot,0,11,iid_p30,23,E1|L1|L2|G1|E2,shamir_3_5|gatl_uniform_3_5|rs_3_5|rs_2_5_gateway_check|gatl_gateway|native|replication
pilot,0,11,heterogeneous_example,23,E1|L1|L2|G1|E2,shamir_3_5|gatl_uniform_3_5|rs_3_5|rs_2_5_gateway_check|gatl_gateway|native|replication
pilot,0,11,iid_p40,7,E1|L1|L2|G1|E2,shamir_3_5|gatl_uniform_3_5|rs_3_5|rs_2_5_gateway_check|gatl_gateway|native|replication
pilot,0,11,iid_p35,7,E1|L1|L2|G1|E2,shamir_3_5|gatl_uniform_3_5|rs_3_5|rs_2_5_gateway_check|gatl_gateway|native|replication
pilot,0,11,iid_p20,23,E1|L1|L2|G1|E2,shamir_3_5|gatl_uniform_3_5|rs_3_5|rs_2_5_gateway_check|gatl_gateway|native|replication
pilot,0,11,iid_p10,23,E1|L1|L2|G1|E2,shamir_3_5|gatl_uniform_3_5|rs_3_5|rs_2_5_gateway_check|gatl_gateway|native|replication
pilot,0,11,iid_p50,7,E1|L1|L2|G1|E2,shamir_3_5|gatl_uniform_3_5|rs_3_5|rs_2_5_gateway_check|gatl_gateway|native|replication
pilot,0,11,iid_p05,31,E1|L1|L2|G1|E2,shamir_3_5|gatl_uniform_3_5|rs_3_5|rs_2_5_gateway_check|gatl_gateway|native|replication
pilot,0,12,iid_p35,2,G1|L1|E2|E1|L2,native|replication|shamir_3_5|gatl_uniform_3_5|rs_3_5|rs_2_5_gateway_check|gatl_gateway
pilot,0,12,heterogeneous_example,3,G1|L1|E2|E1|L2,native|replication|shamir_3_5|gatl_uniform_3_5|rs_3_5|rs_2_5_gateway_check|gatl_gateway
pilot,0,12,iid_p50,2,G1|L1|E2|E1|L2,native|replication|shamir_3_5|gatl_uniform_3_5|rs_3_5|rs_2_5_gateway_check|gatl_gateway
pilot,0,12,iid_p40,2,G1|L1|E2|E1|L2,native|replication|shamir_3_5|gatl_uniform_3_5|rs_3_5|rs_2_5_gateway_check|gatl_gateway
pilot,0,12,iid_p10,7,G1|L1|E2|E1|L2,native|replication|shamir_3_5|gatl_uniform_3_5|rs_3_5|rs_2_5_gateway_check|gatl_gateway
pilot,0,12,iid_p15,3,G1|L1|E2|E1|L2,native|replication|shamir_3_5|gatl_uniform_3_5|rs_3_5|rs_2_5_gateway_check|gatl_gateway
pilot,0,12,iid_p05,23,G1|L1|E2|E1|L2,native|replication|shamir_3_5|gatl_uniform_3_5|rs_3_5|rs_2_5_gateway_check|gatl_gateway
pilot,0,12,iid_p30,3,G1|L1|E2|E1|L2,native|replication|shamir_3_5|gatl_uniform_3_5|rs_3_5|rs_2_5_gateway_check|gatl_gateway
pilot,0,12,iid_p20,3,G1|L1|E2|E1|L2,native|replication|shamir_3_5|gatl_uniform_3_5|rs_3_5|rs_2_5_gateway_check|gatl_gateway
pilot,0,12,iid_p45,2,G1|L1|E2|E1|L2,native|replication|shamir_3_5|gatl_uniform_3_5|rs_3_5|rs_2_5_gateway_check|gatl_gateway
pilot,0,12,shared_risk_matched_p20,7,G1|L1|E2|E1|L2,native|replication|shamir_3_5|gatl_uniform_3_5|rs_3_5|rs_2_5_gateway_check|gatl_gateway
pilot,0,12,iid_p60,2,G1|L1|E2|E1|L2,native|replication|shamir_3_5|gatl_uniform_3_5|rs_3_5|rs_2_5_gateway_check|gatl_gateway
pilot,0,12,iid_p55,2,G1|L1|E2|E1|L2,native|replication|shamir_3_5|gatl_uniform_3_5|rs_3_5|rs_2_5_gateway_check|gatl_gateway
pilot,0,12,iid_p25,3,G1|L1|E2|E1|L2,native|replication|shamir_3_5|gatl_uniform_3_5|rs_3_5|rs_2_5_gateway_check|gatl_gateway
pilot,0,12,iid_p00,31,G1|L1|E2|E1|L2,native|replication|shamir_3_5|gatl_uniform_3_5|rs_3_5|rs_2_5_gateway_check|gatl_gateway
pilot,0,13,iid_p35,31,G1|L1|L2|E2|E1,replication|shamir_3_5|gatl_uniform_3_5|rs_3_5|rs_2_5_gateway_check|gatl_gateway|native
pilot,0,13,iid_p45,31,G1|L1|L2|E2|E1,replication|shamir_3_5|gatl_uniform_3_5|rs_3_5|rs_2_5_gateway_check|gatl_gateway|native
pilot,0,13,iid_p15,31,G1|L1|L2|E2|E1,replication|shamir_3_5|gatl_uniform_3_5|rs_3_5|rs_2_5_gateway_check|gatl_gateway|native
pilot,0,13,iid_p40,31,G1|L1|L2|E2|E1,replication|shamir_3_5|gatl_uniform_3_5|rs_3_5|rs_2_5_gateway_check|gatl_gateway|native
pilot,0,13,iid_p25,31,G1|L1|L2|E2|E1,replication|shamir_3_5|gatl_uniform_3_5|rs_3_5|rs_2_5_gateway_check|gatl_gateway|native
pilot,0,13,shared_risk_matched_p20,31,G1|L1|L2|E2|E1,replication|shamir_3_5|gatl_uniform_3_5|rs_3_5|rs_2_5_gateway_check|gatl_gateway|native
pilot,0,13,iid_p00,31,G1|L1|L2|E2|E1,replication|shamir_3_5|gatl_uniform_3_5|rs_3_5|rs_2_5_gateway_check|gatl_gateway|native
pilot,0,13,iid_p20,31,G1|L1|L2|E2|E1,replication|shamir_3_5|gatl_uniform_3_5|rs_3_5|rs_2_5_gateway_check|gatl_gateway|native
pilot,0,13,iid_p50,31,G1|L1|L2|E2|E1,replication|shamir_3_5|gatl_uniform_3_5|rs_3_5|rs_2_5_gateway_check|gatl_gateway|native
pilot,0,13,iid_p30,31,G1|L1|L2|E2|E1,replication|shamir_3_5|gatl_uniform_3_5|rs_3_5|rs_2_5_gateway_check|gatl_gateway|native
pilot,0,13,iid_p55,29,G1|L1|L2|E2|E1,replication|shamir_3_5|gatl_uniform_3_5|rs_3_5|rs_2_5_gateway_check|gatl_gateway|native
pilot,0,13,iid_p10,31,G1|L1|L2|E2|E1,replication|shamir_3_5|gatl_uniform_3_5|rs_3_5|rs_2_5_gateway_check|gatl_gateway|native
pilot,0,13,iid_p05,31,G1|L1|L2|E2|E1,replication|shamir_3_5|gatl_uniform_3_5|rs_3_5|rs_2_5_gateway_check|gatl_gateway|native
pilot,0,13,iid_p60,25,G1|L1|L2|E2|E1,replication|shamir_3_5|gatl_uniform_3_5|rs_3_5|rs_2_5_gateway_check|gatl_gateway|native
pilot,0,13,heterogeneous_example,31,G1|L1|L2|E2|E1,replication|shamir_3_5|gatl_uniform_3_5|rs_3_5|rs_2_5_gateway_check|gatl_gateway|native
pilot,0,14,iid_p10,27,G1|E2|L1|E1|L2,rs_2_5_gateway_check|replication|native|gatl_gateway|shamir_3_5|rs_3_5|gatl_uniform_3_5
pilot,0,14,iid_p15,27,G1|E2|L1|E1|L2,rs_2_5_gateway_check|replication|native|gatl_gateway|shamir_3_5|rs_3_5|gatl_uniform_3_5
pilot,0,14,iid_p20,27,G1|E2|L1|E1|L2,rs_2_5_gateway_check|replication|native|gatl_gateway|shamir_3_5|rs_3_5|gatl_uniform_3_5
pilot,0,14,iid_p40,11,G1|E2|L1|E1|L2,rs_2_5_gateway_check|replication|native|gatl_gateway|shamir_3_5|rs_3_5|gatl_uniform_3_5
pilot,0,14,iid_p60,10,G1|E2|L1|E1|L2,rs_2_5_gateway_check|replication|native|gatl_gateway|shamir_3_5|rs_3_5|gatl_uniform_3_5
pilot,0,14,shared_risk_matched_p20,0,G1|E2|L1|E1|L2,rs_2_5_gateway_check|replication|native|gatl_gateway|shamir_3_5|rs_3_5|gatl_uniform_3_5
pilot,0,14,iid_p25,27,G1|E2|L1|E1|L2,rs_2_5_gateway_check|replication|native|gatl_gateway|shamir_3_5|rs_3_5|gatl_uniform_3_5
pilot,0,14,iid_p45,11,G1|E2|L1|E1|L2,rs_2_5_gateway_check|replication|native|gatl_gateway|shamir_3_5|rs_3_5|gatl_uniform_3_5
pilot,0,14,heterogeneous_example,27,G1|E2|L1|E1|L2,rs_2_5_gateway_check|replication|native|gatl_gateway|shamir_3_5|rs_3_5|gatl_uniform_3_5
pilot,0,14,iid_p05,27,G1|E2|L1|E1|L2,rs_2_5_gateway_check|replication|native|gatl_gateway|shamir_3_5|rs_3_5|gatl_uniform_3_5
pilot,0,14,iid_p00,31,G1|E2|L1|E1|L2,rs_2_5_gateway_check|replication|native|gatl_gateway|shamir_3_5|rs_3_5|gatl_uniform_3_5
pilot,0,14,iid_p35,11,G1|E2|L1|E1|L2,rs_2_5_gateway_check|replication|native|gatl_gateway|shamir_3_5|rs_3_5|gatl_uniform_3_5
pilot,0,14,iid_p30,27,G1|E2|L1|E1|L2,rs_2_5_gateway_check|replication|native|gatl_gateway|shamir_3_5|rs_3_5|gatl_uniform_3_5
pilot,0,14,iid_p55,10,G1|E2|L1|E1|L2,rs_2_5_gateway_check|replication|native|gatl_gateway|shamir_3_5|rs_3_5|gatl_uniform_3_5
pilot,0,14,iid_p50,10,G1|E2|L1|E1|L2,rs_2_5_gateway_check|replication|native|gatl_gateway|shamir_3_5|rs_3_5|gatl_uniform_3_5
pilot,0,15,iid_p45,27,L1|G1|E1|L2|E2,shamir_3_5|rs_3_5|gatl_uniform_3_5|rs_2_5_gateway_check|replication|native|gatl_gateway
pilot,0,15,iid_p50,27,L1|G1|E1|L2|E2,shamir_3_5|rs_3_5|gatl_uniform_3_5|rs_2_5_gateway_check|replication|native|gatl_gateway
pilot,0,15,iid_p00,31,L1|G1|E1|L2|E2,shamir_3_5|rs_3_5|gatl_uniform_3_5|rs_2_5_gateway_check|replication|native|gatl_gateway
pilot,0,15,iid_p20,31,L1|G1|E1|L2|E2,shamir_3_5|rs_3_5|gatl_uniform_3_5|rs_2_5_gateway_check|replication|native|gatl_gateway
pilot,0,15,iid_p05,31,L1|G1|E1|L2|E2,shamir_3_5|rs_3_5|gatl_uniform_3_5|rs_2_5_gateway_check|replication|native|gatl_gateway
pilot,0,15,heterogeneous_example,27,L1|G1|E1|L2|E2,shamir_3_5|rs_3_5|gatl_uniform_3_5|rs_2_5_gateway_check|replication|native|gatl_gateway
pilot,0,15,iid_p25,27,L1|G1|E1|L2|E2,shamir_3_5|rs_3_5|gatl_uniform_3_5|rs_2_5_gateway_check|replication|native|gatl_gateway
pilot,0,15,shared_risk_matched_p20,31,L1|G1|E1|L2|E2,shamir_3_5|rs_3_5|gatl_uniform_3_5|rs_2_5_gateway_check|replication|native|gatl_gateway
pilot,0,15,iid_p55,25,L1|G1|E1|L2|E2,shamir_3_5|rs_3_5|gatl_uniform_3_5|rs_2_5_gateway_check|replication|native|gatl_gateway
pilot,0,15,iid_p40,27,L1|G1|E1|L2|E2,shamir_3_5|rs_3_5|gatl_uniform_3_5|rs_2_5_gateway_check|replication|native|gatl_gateway
pilot,0,15,iid_p30,27,L1|G1|E1|L2|E2,shamir_3_5|rs_3_5|gatl_uniform_3_5|rs_2_5_gateway_check|replication|native|gatl_gateway
pilot,0,15,iid_p60,25,L1|G1|E1|L2|E2,shamir_3_5|rs_3_5|gatl_uniform_3_5|rs_2_5_gateway_check|replication|native|gatl_gateway
pilot,0,15,iid_p10,31,L1|G1|E1|L2|E2,shamir_3_5|rs_3_5|gatl_uniform_3_5|rs_2_5_gateway_check|replication|native|gatl_gateway
pilot,0,15,iid_p15,31,L1|G1|E1|L2|E2,shamir_3_5|rs_3_5|gatl_uniform_3_5|rs_2_5_gateway_check|replication|native|gatl_gateway
pilot,0,15,iid_p35,27,L1|G1|E1|L2|E2,shamir_3_5|rs_3_5|gatl_uniform_3_5|rs_2_5_gateway_check|replication|native|gatl_gateway
pilot,0,16,iid_p25,29,E2|G1|L2|L1|E1,native|gatl_gateway|shamir_3_5|rs_3_5|gatl_uniform_3_5|rs_2_5_gateway_check|replication
pilot,0,16,iid_p55,5,E2|G1|L2|L1|E1,native|gatl_gateway|shamir_3_5|rs_3_5|gatl_uniform_3_5|rs_2_5_gateway_check|replication
pilot,0,16,iid_p10,31,E2|G1|L2|L1|E1,native|gatl_gateway|shamir_3_5|rs_3_5|gatl_uniform_3_5|rs_2_5_gateway_check|replication
pilot,0,16,iid_p45,5,E2|G1|L2|L1|E1,native|gatl_gateway|shamir_3_5|rs_3_5|gatl_uniform_3_5|rs_2_5_gateway_check|replication
pilot,0,16,iid_p35,13,E2|G1|L2|L1|E1,native|gatl_gateway|shamir_3_5|rs_3_5|gatl_uniform_3_5|rs_2_5_gateway_check|replication
pilot,0,16,shared_risk_matched_p20,31,E2|G1|L2|L1|E1,native|gatl_gateway|shamir_3_5|rs_3_5|gatl_uniform_3_5|rs_2_5_gateway_check|replication
pilot,0,16,iid_p30,13,E2|G1|L2|L1|E1,native|gatl_gateway|shamir_3_5|rs_3_5|gatl_uniform_3_5|rs_2_5_gateway_check|replication
pilot,0,16,iid_p00,31,E2|G1|L2|L1|E1,native|gatl_gateway|shamir_3_5|rs_3_5|gatl_uniform_3_5|rs_2_5_gateway_check|replication
pilot,0,16,iid_p60,5,E2|G1|L2|L1|E1,native|gatl_gateway|shamir_3_5|rs_3_5|gatl_uniform_3_5|rs_2_5_gateway_check|replication
pilot,0,16,iid_p05,31,E2|G1|L2|L1|E1,native|gatl_gateway|shamir_3_5|rs_3_5|gatl_uniform_3_5|rs_2_5_gateway_check|replication
pilot,0,16,iid_p40,5,E2|G1|L2|L1|E1,native|gatl_gateway|shamir_3_5|rs_3_5|gatl_uniform_3_5|rs_2_5_gateway_check|replication
pilot,0,16,iid_p20,29,E2|G1|L2|L1|E1,native|gatl_gateway|shamir_3_5|rs_3_5|gatl_uniform_3_5|rs_2_5_gateway_check|replication
pilot,0,16,iid_p50,5,E2|G1|L2|L1|E1,native|gatl_gateway|shamir_3_5|rs_3_5|gatl_uniform_3_5|rs_2_5_gateway_check|replication
pilot,0,16,heterogeneous_example,29,E2|G1|L2|L1|E1,native|gatl_gateway|shamir_3_5|rs_3_5|gatl_uniform_3_5|rs_2_5_gateway_check|replication
pilot,0,16,iid_p15,29,E2|G1|L2|L1|E1,native|gatl_gateway|shamir_3_5|rs_3_5|gatl_uniform_3_5|rs_2_5_gateway_check|replication
pilot,0,17,iid_p50,10,E2|L2|E1|L1|G1,replication|native|gatl_gateway|shamir_3_5|rs_3_5|gatl_uniform_3_5|rs_2_5_gateway_check
pilot,0,17,iid_p25,27,E2|L2|E1|L1|G1,replication|native|gatl_gateway|shamir_3_5|rs_3_5|gatl_uniform_3_5|rs_2_5_gateway_check
pilot,0,17,iid_p00,31,E2|L2|E1|L1|G1,replication|native|gatl_gateway|shamir_3_5|rs_3_5|gatl_uniform_3_5|rs_2_5_gateway_check
pilot,0,17,shared_risk_matched_p20,31,E2|L2|E1|L1|G1,replication|native|gatl_gateway|shamir_3_5|rs_3_5|gatl_uniform_3_5|rs_2_5_gateway_check
pilot,0,17,iid_p20,27,E2|L2|E1|L1|G1,replication|native|gatl_gateway|shamir_3_5|rs_3_5|gatl_uniform_3_5|rs_2_5_gateway_check
pilot,0,17,heterogeneous_example,27,E2|L2|E1|L1|G1,replication|native|gatl_gateway|shamir_3_5|rs_3_5|gatl_uniform_3_5|rs_2_5_gateway_check
pilot,0,17,iid_p05,31,E2|L2|E1|L1|G1,replication|native|gatl_gateway|shamir_3_5|rs_3_5|gatl_uniform_3_5|rs_2_5_gateway_check
pilot,0,17,iid_p45,11,E2|L2|E1|L1|G1,replication|native|gatl_gateway|shamir_3_5|rs_3_5|gatl_uniform_3_5|rs_2_5_gateway_check
pilot,0,17,iid_p55,10,E2|L2|E1|L1|G1,replication|native|gatl_gateway|shamir_3_5|rs_3_5|gatl_uniform_3_5|rs_2_5_gateway_check
pilot,0,17,iid_p10,31,E2|L2|E1|L1|G1,replication|native|gatl_gateway|shamir_3_5|rs_3_5|gatl_uniform_3_5|rs_2_5_gateway_check
pilot,0,17,iid_p40,27,E2|L2|E1|L1|G1,replication|native|gatl_gateway|shamir_3_5|rs_3_5|gatl_uniform_3_5|rs_2_5_gateway_check
pilot,0,17,iid_p15,27,E2|L2|E1|L1|G1,replication|native|gatl_gateway|shamir_3_5|rs_3_5|gatl_uniform_3_5|rs_2_5_gateway_check
pilot,0,17,iid_p60,10,E2|L2|E1|L1|G1,replication|native|gatl_gateway|shamir_3_5|rs_3_5|gatl_uniform_3_5|rs_2_5_gateway_check
pilot,0,17,iid_p35,27,E2|L2|E1|L1|G1,replication|native|gatl_gateway|shamir_3_5|rs_3_5|gatl_uniform_3_5|rs_2_5_gateway_check
pilot,0,17,iid_p30,27,E2|L2|E1|L1|G1,replication|native|gatl_gateway|shamir_3_5|rs_3_5|gatl_uniform_3_5|rs_2_5_gateway_check
pilot,0,18,iid_p55,9,L2|E1|E2|G1|L1,gatl_uniform_3_5|rs_2_5_gateway_check|replication|native|gatl_gateway|shamir_3_5|rs_3_5
pilot,0,18,iid_p00,31,L2|E1|E2|G1|L1,gatl_uniform_3_5|rs_2_5_gateway_check|replication|native|gatl_gateway|shamir_3_5|rs_3_5
pilot,0,18,heterogeneous_example,11,L2|E1|E2|G1|L1,gatl_uniform_3_5|rs_2_5_gateway_check|replication|native|gatl_gateway|shamir_3_5|rs_3_5
pilot,0,18,iid_p40,11,L2|E1|E2|G1|L1,gatl_uniform_3_5|rs_2_5_gateway_check|replication|native|gatl_gateway|shamir_3_5|rs_3_5
pilot,0,18,iid_p10,31,L2|E1|E2|G1|L1,gatl_uniform_3_5|rs_2_5_gateway_check|replication|native|gatl_gateway|shamir_3_5|rs_3_5
pilot,0,18,iid_p25,15,L2|E1|E2|G1|L1,gatl_uniform_3_5|rs_2_5_gateway_check|replication|native|gatl_gateway|shamir_3_5|rs_3_5
pilot,0,18,iid_p05,31,L2|E1|E2|G1|L1,gatl_uniform_3_5|rs_2_5_gateway_check|replication|native|gatl_gateway|shamir_3_5|rs_3_5
pilot,0,18,iid_p50,11,L2|E1|E2|G1|L1,gatl_uniform_3_5|rs_2_5_gateway_check|replication|native|gatl_gateway|shamir_3_5|rs_3_5
pilot,0,18,shared_risk_matched_p20,24,L2|E1|E2|G1|L1,gatl_uniform_3_5|rs_2_5_gateway_check|replication|native|gatl_gateway|shamir_3_5|rs_3_5
pilot,0,18,iid_p60,9,L2|E1|E2|G1|L1,gatl_uniform_3_5|rs_2_5_gateway_check|replication|native|gatl_gateway|shamir_3_5|rs_3_5
pilot,0,18,iid_p45,11,L2|E1|E2|G1|L1,gatl_uniform_3_5|rs_2_5_gateway_check|replication|native|gatl_gateway|shamir_3_5|rs_3_5
pilot,0,18,iid_p15,31,L2|E1|E2|G1|L1,gatl_uniform_3_5|rs_2_5_gateway_check|replication|native|gatl_gateway|shamir_3_5|rs_3_5
pilot,0,18,iid_p35,11,L2|E1|E2|G1|L1,gatl_uniform_3_5|rs_2_5_gateway_check|replication|native|gatl_gateway|shamir_3_5|rs_3_5
pilot,0,18,iid_p20,15,L2|E1|E2|G1|L1,gatl_uniform_3_5|rs_2_5_gateway_check|replication|native|gatl_gateway|shamir_3_5|rs_3_5
pilot,0,18,iid_p30,15,L2|E1|E2|G1|L1,gatl_uniform_3_5|rs_2_5_gateway_check|replication|native|gatl_gateway|shamir_3_5|rs_3_5
pilot,0,19,iid_p40,13,E1|L2|L1|G1|E2,rs_3_5|gatl_uniform_3_5|rs_2_5_gateway_check|replication|native|gatl_gateway|shamir_3_5
pilot,0,19,iid_p55,13,E1|L2|L1|G1|E2,rs_3_5|gatl_uniform_3_5|rs_2_5_gateway_check|replication|native|gatl_gateway|shamir_3_5
pilot,0,19,iid_p50,13,E1|L2|L1|G1|E2,rs_3_5|gatl_uniform_3_5|rs_2_5_gateway_check|replication|native|gatl_gateway|shamir_3_5
pilot,0,19,iid_p20,31,E1|L2|L1|G1|E2,rs_3_5|gatl_uniform_3_5|rs_2_5_gateway_check|replication|native|gatl_gateway|shamir_3_5
pilot,0,19,shared_risk_matched_p20,31,E1|L2|L1|G1|E2,rs_3_5|gatl_uniform_3_5|rs_2_5_gateway_check|replication|native|gatl_gateway|shamir_3_5
pilot,0,19,iid_p25,31,E1|L2|L1|G1|E2,rs_3_5|gatl_uniform_3_5|rs_2_5_gateway_check|replication|native|gatl_gateway|shamir_3_5
pilot,0,19,iid_p05,31,E1|L2|L1|G1|E2,rs_3_5|gatl_uniform_3_5|rs_2_5_gateway_check|replication|native|gatl_gateway|shamir_3_5
pilot,0,19,iid_p60,5,E1|L2|L1|G1|E2,rs_3_5|gatl_uniform_3_5|rs_2_5_gateway_check|replication|native|gatl_gateway|shamir_3_5
pilot,0,19,iid_p30,31,E1|L2|L1|G1|E2,rs_3_5|gatl_uniform_3_5|rs_2_5_gateway_check|replication|native|gatl_gateway|shamir_3_5
pilot,0,19,iid_p45,13,E1|L2|L1|G1|E2,rs_3_5|gatl_uniform_3_5|rs_2_5_gateway_check|replication|native|gatl_gateway|shamir_3_5
pilot,0,19,heterogeneous_example,31,E1|L2|L1|G1|E2,rs_3_5|gatl_uniform_3_5|rs_2_5_gateway_check|replication|native|gatl_gateway|shamir_3_5
pilot,0,19,iid_p10,31,E1|L2|L1|G1|E2,rs_3_5|gatl_uniform_3_5|rs_2_5_gateway_check|replication|native|gatl_gateway|shamir_3_5
pilot,0,19,iid_p35,29,E1|L2|L1|G1|E2,rs_3_5|gatl_uniform_3_5|rs_2_5_gateway_check|replication|native|gatl_gateway|shamir_3_5
pilot,0,19,iid_p00,31,E1|L2|L1|G1|E2,rs_3_5|gatl_uniform_3_5|rs_2_5_gateway_check|replication|native|gatl_gateway|shamir_3_5
pilot,0,19,iid_p15,31,E1|L2|L1|G1|E2,rs_3_5|gatl_uniform_3_5|rs_2_5_gateway_check|replication|native|gatl_gateway|shamir_3_5
pilot,0,20,heterogeneous_example,29,G1|E1|L2|E2|L1,gatl_gateway|shamir_3_5|rs_3_5|gatl_uniform_3_5|rs_2_5_gateway_check|replication|native
pilot,0,20,shared_risk_matched_p20,29,G1|E1|L2|E2|L1,gatl_gateway|shamir_3_5|rs_3_5|gatl_uniform_3_5|rs_2_5_gateway_check|replication|native
pilot,0,20,iid_p45,20,G1|E1|L2|E2|L1,gatl_gateway|shamir_3_5|rs_3_5|gatl_uniform_3_5|rs_2_5_gateway_check|replication|native
pilot,0,20,iid_p05,29,G1|E1|L2|E2|L1,gatl_gateway|shamir_3_5|rs_3_5|gatl_uniform_3_5|rs_2_5_gateway_check|replication|native
pilot,0,20,iid_p15,29,G1|E1|L2|E2|L1,gatl_gateway|shamir_3_5|rs_3_5|gatl_uniform_3_5|rs_2_5_gateway_check|replication|native
pilot,0,20,iid_p20,21,G1|E1|L2|E2|L1,gatl_gateway|shamir_3_5|rs_3_5|gatl_uniform_3_5|rs_2_5_gateway_check|replication|native
pilot,0,20,iid_p10,29,G1|E1|L2|E2|L1,gatl_gateway|shamir_3_5|rs_3_5|gatl_uniform_3_5|rs_2_5_gateway_check|replication|native
pilot,0,20,iid_p25,20,G1|E1|L2|E2|L1,gatl_gateway|shamir_3_5|rs_3_5|gatl_uniform_3_5|rs_2_5_gateway_check|replication|native
pilot,0,20,iid_p40,20,G1|E1|L2|E2|L1,gatl_gateway|shamir_3_5|rs_3_5|gatl_uniform_3_5|rs_2_5_gateway_check|replication|native
pilot,0,20,iid_p60,20,G1|E1|L2|E2|L1,gatl_gateway|shamir_3_5|rs_3_5|gatl_uniform_3_5|rs_2_5_gateway_check|replication|native
pilot,0,20,iid_p50,20,G1|E1|L2|E2|L1,gatl_gateway|shamir_3_5|rs_3_5|gatl_uniform_3_5|rs_2_5_gateway_check|replication|native
pilot,0,20,iid_p30,20,G1|E1|L2|E2|L1,gatl_gateway|shamir_3_5|rs_3_5|gatl_uniform_3_5|rs_2_5_gateway_check|replication|native
pilot,0,20,iid_p55,20,G1|E1|L2|E2|L1,gatl_gateway|shamir_3_5|rs_3_5|gatl_uniform_3_5|rs_2_5_gateway_check|replication|native
pilot,0,20,iid_p00,31,G1|E1|L2|E2|L1,gatl_gateway|shamir_3_5|rs_3_5|gatl_uniform_3_5|rs_2_5_gateway_check|replication|native
pilot,0,20,iid_p35,20,G1|E1|L2|E2|L1,gatl_gateway|shamir_3_5|rs_3_5|gatl_uniform_3_5|rs_2_5_gateway_check|replication|native
pilot,0,21,iid_p55,6,L2|G1|E1|E2|L1,gatl_uniform_3_5|rs_2_5_gateway_check|native|gatl_gateway|shamir_3_5|rs_3_5|replication
pilot,0,21,iid_p00,31,L2|G1|E1|E2|L1,gatl_uniform_3_5|rs_2_5_gateway_check|native|gatl_gateway|shamir_3_5|rs_3_5|replication
pilot,0,21,iid_p15,31,L2|G1|E1|E2|L1,gatl_uniform_3_5|rs_2_5_gateway_check|native|gatl_gateway|shamir_3_5|rs_3_5|replication
pilot,0,21,iid_p25,31,L2|G1|E1|E2|L1,gatl_uniform_3_5|rs_2_5_gateway_check|native|gatl_gateway|shamir_3_5|rs_3_5|replication
pilot,0,21,iid_p60,6,L2|G1|E1|E2|L1,gatl_uniform_3_5|rs_2_5_gateway_check|native|gatl_gateway|shamir_3_5|rs_3_5|replication
pilot,0,21,iid_p45,23,L2|G1|E1|E2|L1,gatl_uniform_3_5|rs_2_5_gateway_check|native|gatl_gateway|shamir_3_5|rs_3_5|replication
pilot,0,21,heterogeneous_example,31,L2|G1|E1|E2|L1,gatl_uniform_3_5|rs_2_5_gateway_check|native|gatl_gateway|shamir_3_5|rs_3_5|replication
pilot,0,21,iid_p05,31,L2|G1|E1|E2|L1,gatl_uniform_3_5|rs_2_5_gateway_check|native|gatl_gateway|shamir_3_5|rs_3_5|replication
pilot,0,21,iid_p30,31,L2|G1|E1|E2|L1,gatl_uniform_3_5|rs_2_5_gateway_check|native|gatl_gateway|shamir_3_5|rs_3_5|replication
pilot,0,21,iid_p10,31,L2|G1|E1|E2|L1,gatl_uniform_3_5|rs_2_5_gateway_check|native|gatl_gateway|shamir_3_5|rs_3_5|replication
pilot,0,21,iid_p50,22,L2|G1|E1|E2|L1,gatl_uniform_3_5|rs_2_5_gateway_check|native|gatl_gateway|shamir_3_5|rs_3_5|replication
pilot,0,21,iid_p35,31,L2|G1|E1|E2|L1,gatl_uniform_3_5|rs_2_5_gateway_check|native|gatl_gateway|shamir_3_5|rs_3_5|replication
pilot,0,21,shared_risk_matched_p20,31,L2|G1|E1|E2|L1,gatl_uniform_3_5|rs_2_5_gateway_check|native|gatl_gateway|shamir_3_5|rs_3_5|replication
pilot,0,21,iid_p20,31,L2|G1|E1|E2|L1,gatl_uniform_3_5|rs_2_5_gateway_check|native|gatl_gateway|shamir_3_5|rs_3_5|replication
pilot,0,21,iid_p40,23,L2|G1|E1|E2|L1,gatl_uniform_3_5|rs_2_5_gateway_check|native|gatl_gateway|shamir_3_5|rs_3_5|replication
pilot,0,22,iid_p55,16,G1|E2|L2|L1|E1,replication|gatl_uniform_3_5|rs_2_5_gateway_check|native|gatl_gateway|shamir_3_5|rs_3_5
pilot,0,22,iid_p20,30,G1|E2|L2|L1|E1,replication|gatl_uniform_3_5|rs_2_5_gateway_check|native|gatl_gateway|shamir_3_5|rs_3_5
pilot,0,22,iid_p00,31,G1|E2|L2|L1|E1,replication|gatl_uniform_3_5|rs_2_5_gateway_check|native|gatl_gateway|shamir_3_5|rs_3_5
pilot,0,22,iid_p40,20,G1|E2|L2|L1|E1,replication|gatl_uniform_3_5|rs_2_5_gateway_check|native|gatl_gateway|shamir_3_5|rs_3_5
pilot,0,22,iid_p25,30,G1|E2|L2|L1|E1,replication|gatl_uniform_3_5|rs_2_5_gateway_check|native|gatl_gateway|shamir_3_5|rs_3_5
pilot,0,22,iid_p10,31,G1|E2|L2|L1|E1,replication|gatl_uniform_3_5|rs_2_5_gateway_check|native|gatl_gateway|shamir_3_5|rs_3_5
pilot,0,22,iid_p15,30,G1|E2|L2|L1|E1,replication|gatl_uniform_3_5|rs_2_5_gateway_check|native|gatl_gateway|shamir_3_5|rs_3_5
pilot,0,22,iid_p35,22,G1|E2|L2|L1|E1,replication|gatl_uniform_3_5|rs_2_5_gateway_check|native|gatl_gateway|shamir_3_5|rs_3_5
pilot,0,22,shared_risk_matched_p20,31,G1|E2|L2|L1|E1,replication|gatl_uniform_3_5|rs_2_5_gateway_check|native|gatl_gateway|shamir_3_5|rs_3_5
pilot,0,22,iid_p60,16,G1|E2|L2|L1|E1,replication|gatl_uniform_3_5|rs_2_5_gateway_check|native|gatl_gateway|shamir_3_5|rs_3_5
pilot,0,22,iid_p05,31,G1|E2|L2|L1|E1,replication|gatl_uniform_3_5|rs_2_5_gateway_check|native|gatl_gateway|shamir_3_5|rs_3_5
pilot,0,22,heterogeneous_example,31,G1|E2|L2|L1|E1,replication|gatl_uniform_3_5|rs_2_5_gateway_check|native|gatl_gateway|shamir_3_5|rs_3_5
pilot,0,22,iid_p45,20,G1|E2|L2|L1|E1,replication|gatl_uniform_3_5|rs_2_5_gateway_check|native|gatl_gateway|shamir_3_5|rs_3_5
pilot,0,22,iid_p50,20,G1|E2|L2|L1|E1,replication|gatl_uniform_3_5|rs_2_5_gateway_check|native|gatl_gateway|shamir_3_5|rs_3_5
pilot,0,22,iid_p30,30,G1|E2|L2|L1|E1,replication|gatl_uniform_3_5|rs_2_5_gateway_check|native|gatl_gateway|shamir_3_5|rs_3_5
pilot,0,23,iid_p30,3,E2|E1|L1|L2|G1,rs_3_5|replication|gatl_uniform_3_5|rs_2_5_gateway_check|native|gatl_gateway|shamir_3_5
pilot,0,23,iid_p10,31,E2|E1|L1|L2|G1,rs_3_5|replication|gatl_uniform_3_5|rs_2_5_gateway_check|native|gatl_gateway|shamir_3_5
pilot,0,23,iid_p45,3,E2|E1|L1|L2|G1,rs_3_5|replication|gatl_uniform_3_5|rs_2_5_gateway_check|native|gatl_gateway|shamir_3_5
pilot,0,23,shared_risk_matched_p20,7,E2|E1|L1|L2|G1,rs_3_5|replication|gatl_uniform_3_5|rs_2_5_gateway_check|native|gatl_gateway|shamir_3_5
pilot,0,23,iid_p35,3,E2|E1|L1|L2|G1,rs_3_5|replication|gatl_uniform_3_5|rs_2_5_gateway_check|native|gatl_gateway|shamir_3_5
pilot,0,23,iid_p25,27,E2|E1|L1|L2|G1,rs_3_5|replication|gatl_uniform_3_5|rs_2_5_gateway_check|native|gatl_gateway|shamir_3_5
pilot,0,23,iid_p05,31,E2|E1|L1|L2|G1,rs_3_5|replication|gatl_uniform_3_5|rs_2_5_gateway_check|native|gatl_gateway|shamir_3_5
pilot,0,23,iid_p15,27,E2|E1|L1|L2|G1,rs_3_5|replication|gatl_uniform_3_5|rs_2_5_gateway_check|native|gatl_gateway|shamir_3_5
pilot,0,23,heterogeneous_example,27,E2|E1|L1|L2|G1,rs_3_5|replication|gatl_uniform_3_5|rs_2_5_gateway_check|native|gatl_gateway|shamir_3_5
pilot,0,23,iid_p20,27,E2|E1|L1|L2|G1,rs_3_5|replication|gatl_uniform_3_5|rs_2_5_gateway_check|native|gatl_gateway|shamir_3_5
pilot,0,23,iid_p00,31,E2|E1|L1|L2|G1,rs_3_5|replication|gatl_uniform_3_5|rs_2_5_gateway_check|native|gatl_gateway|shamir_3_5
pilot,0,23,iid_p50,3,E2|E1|L1|L2|G1,rs_3_5|replication|gatl_uniform_3_5|rs_2_5_gateway_check|native|gatl_gateway|shamir_3_5
pilot,0,23,iid_p55,3,E2|E1|L1|L2|G1,rs_3_5|replication|gatl_uniform_3_5|rs_2_5_gateway_check|native|gatl_gateway|shamir_3_5
pilot,0,23,iid_p60,2,E2|E1|L1|L2|G1,rs_3_5|replication|gatl_uniform_3_5|rs_2_5_gateway_check|native|gatl_gateway|shamir_3_5
pilot,0,23,iid_p40,3,E2|E1|L1|L2|G1,rs_3_5|replication|gatl_uniform_3_5|rs_2_5_gateway_check|native|gatl_gateway|shamir_3_5
pilot,0,24,iid_p15,31,E1|G1|L1|L2|E2,shamir_3_5|rs_3_5|replication|gatl_uniform_3_5|rs_2_5_gateway_check|native|gatl_gateway
pilot,0,24,iid_p25,31,E1|G1|L1|L2|E2,shamir_3_5|rs_3_5|replication|gatl_uniform_3_5|rs_2_5_gateway_check|native|gatl_gateway
pilot,0,24,iid_p40,7,E1|G1|L1|L2|E2,shamir_3_5|rs_3_5|replication|gatl_uniform_3_5|rs_2_5_gateway_check|native|gatl_gateway
pilot,0,24,iid_p10,31,E1|G1|L1|L2|E2,shamir_3_5|rs_3_5|replication|gatl_uniform_3_5|rs_2_5_gateway_check|native|gatl_gateway
pilot,0,24,iid_p55,7,E1|G1|L1|L2|E2,shamir_3_5|rs_3_5|replication|gatl_uniform_3_5|rs_2_5_gateway_check|native|gatl_gateway
pilot,0,24,iid_p30,7,E1|G1|L1|L2|E2,shamir_3_5|rs_3_5|replication|gatl_uniform_3_5|rs_2_5_gateway_check|native|gatl_gateway
pilot,0,24,iid_p60,7,E1|G1|L1|L2|E2,shamir_3_5|rs_3_5|replication|gatl_uniform_3_5|rs_2_5_gateway_check|native|gatl_gateway
pilot,0,24,iid_p50,7,E1|G1|L1|L2|E2,shamir_3_5|rs_3_5|replication|gatl_uniform_3_5|rs_2_5_gateway_check|native|gatl_gateway
pilot,0,24,iid_p35,7,E1|G1|L1|L2|E2,shamir_3_5|rs_3_5|replication|gatl_uniform_3_5|rs_2_5_gateway_check|native|gatl_gateway
pilot,0,24,iid_p05,31,E1|G1|L1|L2|E2,shamir_3_5|rs_3_5|replication|gatl_uniform_3_5|rs_2_5_gateway_check|native|gatl_gateway
pilot,0,24,shared_risk_matched_p20,31,E1|G1|L1|L2|E2,shamir_3_5|rs_3_5|replication|gatl_uniform_3_5|rs_2_5_gateway_check|native|gatl_gateway
pilot,0,24,iid_p20,31,E1|G1|L1|L2|E2,shamir_3_5|rs_3_5|replication|gatl_uniform_3_5|rs_2_5_gateway_check|native|gatl_gateway
pilot,0,24,heterogeneous_example,31,E1|G1|L1|L2|E2,shamir_3_5|rs_3_5|replication|gatl_uniform_3_5|rs_2_5_gateway_check|native|gatl_gateway
pilot,0,24,iid_p45,7,E1|G1|L1|L2|E2,shamir_3_5|rs_3_5|replication|gatl_uniform_3_5|rs_2_5_gateway_check|native|gatl_gateway
pilot,0,24,iid_p00,31,E1|G1|L1|L2|E2,shamir_3_5|rs_3_5|replication|gatl_uniform_3_5|rs_2_5_gateway_check|native|gatl_gateway
pilot,0,25,iid_p60,10,G1|E1|E2|L2|L1,rs_2_5_gateway_check|native|gatl_gateway|shamir_3_5|rs_3_5|replication|gatl_uniform_3_5
pilot,0,25,iid_p30,14,G1|E1|E2|L2|L1,rs_2_5_gateway_check|native|gatl_gateway|shamir_3_5|rs_3_5|replication|gatl_uniform_3_5
pilot,0,25,iid_p20,31,G1|E1|E2|L2|L1,rs_2_5_gateway_check|native|gatl_gateway|shamir_3_5|rs_3_5|replication|gatl_uniform_3_5
pilot,0,25,iid_p50,14,G1|E1|E2|L2|L1,rs_2_5_gateway_check|native|gatl_gateway|shamir_3_5|rs_3_5|replication|gatl_uniform_3_5
pilot,0,25,iid_p55,14,G1|E1|E2|L2|L1,rs_2_5_gateway_check|native|gatl_gateway|shamir_3_5|rs_3_5|replication|gatl_uniform_3_5
pilot,0,25,iid_p10,31,G1|E1|E2|L2|L1,rs_2_5_gateway_check|native|gatl_gateway|shamir_3_5|rs_3_5|replication|gatl_uniform_3_5
pilot,0,25,iid_p00,31,G1|E1|E2|L2|L1,rs_2_5_gateway_check|native|gatl_gateway|shamir_3_5|rs_3_5|replication|gatl_uniform_3_5
pilot,0,25,iid_p25,15,G1|E1|E2|L2|L1,rs_2_5_gateway_check|native|gatl_gateway|shamir_3_5|rs_3_5|replication|gatl_uniform_3_5
pilot,0,25,iid_p05,31,G1|E1|E2|L2|L1,rs_2_5_gateway_check|native|gatl_gateway|shamir_3_5|rs_3_5|replication|gatl_uniform_3_5
pilot,0,25,iid_p40,14,G1|E1|E2|L2|L1,rs_2_5_gateway_check|native|gatl_gateway|shamir_3_5|rs_3_5|replication|gatl_uniform_3_5
pilot,0,25,iid_p15,31,G1|E1|E2|L2|L1,rs_2_5_gateway_check|native|gatl_gateway|shamir_3_5|rs_3_5|replication|gatl_uniform_3_5
pilot,0,25,iid_p35,14,G1|E1|E2|L2|L1,rs_2_5_gateway_check|native|gatl_gateway|shamir_3_5|rs_3_5|replication|gatl_uniform_3_5
pilot,0,25,iid_p45,14,G1|E1|E2|L2|L1,rs_2_5_gateway_check|native|gatl_gateway|shamir_3_5|rs_3_5|replication|gatl_uniform_3_5
pilot,0,25,shared_risk_matched_p20,31,G1|E1|E2|L2|L1,rs_2_5_gateway_check|native|gatl_gateway|shamir_3_5|rs_3_5|replication|gatl_uniform_3_5
pilot,0,25,heterogeneous_example,31,G1|E1|E2|L2|L1,rs_2_5_gateway_check|native|gatl_gateway|shamir_3_5|rs_3_5|replication|gatl_uniform_3_5
pilot,0,26,iid_p55,23,E1|E2|G1|L2|L1,gatl_gateway|shamir_3_5|rs_3_5|replication|gatl_uniform_3_5|rs_2_5_gateway_check|native
pilot,0,26,iid_p30,23,E1|E2|G1|L2|L1,gatl_gateway|shamir_3_5|rs_3_5|replication|gatl_uniform_3_5|rs_2_5_gateway_check|native
pilot,0,26,heterogeneous_example,31,E1|E2|G1|L2|L1,gatl_gateway|shamir_3_5|rs_3_5|replication|gatl_uniform_3_5|rs_2_5_gateway_check|native
pilot,0,26,iid_p50,23,E1|E2|G1|L2|L1,gatl_gateway|shamir_3_5|rs_3_5|replication|gatl_uniform_3_5|rs_2_5_gateway_check|native
pilot,0,26,shared_risk_matched_p20,31,E1|E2|G1|L2|L1,gatl_gateway|shamir_3_5|rs_3_5|replication|gatl_uniform_3_5|rs_2_5_gateway_check|native
pilot,0,26,iid_p60,22,E1|E2|G1|L2|L1,gatl_gateway|shamir_3_5|rs_3_5|replication|gatl_uniform_3_5|rs_2_5_gateway_check|native
pilot,0,26,iid_p15,31,E1|E2|G1|L2|L1,gatl_gateway|shamir_3_5|rs_3_5|replication|gatl_uniform_3_5|rs_2_5_gateway_check|native
pilot,0,26,iid_p20,31,E1|E2|G1|L2|L1,gatl_gateway|shamir_3_5|rs_3_5|replication|gatl_uniform_3_5|rs_2_5_gateway_check|native
pilot,0,26,iid_p10,31,E1|E2|G1|L2|L1,gatl_gateway|shamir_3_5|rs_3_5|replication|gatl_uniform_3_5|rs_2_5_gateway_check|native
pilot,0,26,iid_p25,23,E1|E2|G1|L2|L1,gatl_gateway|shamir_3_5|rs_3_5|replication|gatl_uniform_3_5|rs_2_5_gateway_check|native
pilot,0,26,iid_p40,23,E1|E2|G1|L2|L1,gatl_gateway|shamir_3_5|rs_3_5|replication|gatl_uniform_3_5|rs_2_5_gateway_check|native
pilot,0,26,iid_p05,31,E1|E2|G1|L2|L1,gatl_gateway|shamir_3_5|rs_3_5|replication|gatl_uniform_3_5|rs_2_5_gateway_check|native
pilot,0,26,iid_p45,23,E1|E2|G1|L2|L1,gatl_gateway|shamir_3_5|rs_3_5|replication|gatl_uniform_3_5|rs_2_5_gateway_check|native
pilot,0,26,iid_p35,23,E1|E2|G1|L2|L1,gatl_gateway|shamir_3_5|rs_3_5|replication|gatl_uniform_3_5|rs_2_5_gateway_check|native
pilot,0,26,iid_p00,31,E1|E2|G1|L2|L1,gatl_gateway|shamir_3_5|rs_3_5|replication|gatl_uniform_3_5|rs_2_5_gateway_check|native
pilot,0,27,iid_p50,11,E2|L2|G1|L1|E1,native|gatl_gateway|shamir_3_5|rs_3_5|replication|gatl_uniform_3_5|rs_2_5_gateway_check
pilot,0,27,iid_p10,31,E2|L2|G1|L1|E1,native|gatl_gateway|shamir_3_5|rs_3_5|replication|gatl_uniform_3_5|rs_2_5_gateway_check
pilot,0,27,iid_p20,31,E2|L2|G1|L1|E1,native|gatl_gateway|shamir_3_5|rs_3_5|replication|gatl_uniform_3_5|rs_2_5_gateway_check
pilot,0,27,iid_p25,15,E2|L2|G1|L1|E1,native|gatl_gateway|shamir_3_5|rs_3_5|replication|gatl_uniform_3_5|rs_2_5_gateway_check
pilot,0,27,iid_p45,15,E2|L2|G1|L1|E1,native|gatl_gateway|shamir_3_5|rs_3_5|replication|gatl_uniform_3_5|rs_2_5_gateway_check
pilot,0,27,iid_p30,15,E2|L2|G1|L1|E1,native|gatl_gateway|shamir_3_5|rs_3_5|replication|gatl_uniform_3_5|rs_2_5_gateway_check
pilot,0,27,shared_risk_matched_p20,31,E2|L2|G1|L1|E1,native|gatl_gateway|shamir_3_5|rs_3_5|replication|gatl_uniform_3_5|rs_2_5_gateway_check
pilot,0,27,heterogeneous_example,31,E2|L2|G1|L1|E1,native|gatl_gateway|shamir_3_5|rs_3_5|replication|gatl_uniform_3_5|rs_2_5_gateway_check
pilot,0,27,iid_p05,31,E2|L2|G1|L1|E1,native|gatl_gateway|shamir_3_5|rs_3_5|replication|gatl_uniform_3_5|rs_2_5_gateway_check
pilot,0,27,iid_p40,15,E2|L2|G1|L1|E1,native|gatl_gateway|shamir_3_5|rs_3_5|replication|gatl_uniform_3_5|rs_2_5_gateway_check
pilot,0,27,iid_p60,11,E2|L2|G1|L1|E1,native|gatl_gateway|shamir_3_5|rs_3_5|replication|gatl_uniform_3_5|rs_2_5_gateway_check
pilot,0,27,iid_p35,15,E2|L2|G1|L1|E1,native|gatl_gateway|shamir_3_5|rs_3_5|replication|gatl_uniform_3_5|rs_2_5_gateway_check
pilot,0,27,iid_p00,31,E2|L2|G1|L1|E1,native|gatl_gateway|shamir_3_5|rs_3_5|replication|gatl_uniform_3_5|rs_2_5_gateway_check
pilot,0,27,iid_p55,11,E2|L2|G1|L1|E1,native|gatl_gateway|shamir_3_5|rs_3_5|replication|gatl_uniform_3_5|rs_2_5_gateway_check
pilot,0,27,iid_p15,31,E2|L2|G1|L1|E1,native|gatl_gateway|shamir_3_5|rs_3_5|replication|gatl_uniform_3_5|rs_2_5_gateway_check
pilot,0,28,shared_risk_matched_p20,15,L2|L1|E1|E2|G1,rs_3_5|gatl_uniform_3_5|native|rs_2_5_gateway_check|shamir_3_5|gatl_gateway|replication
pilot,0,28,iid_p45,9,L2|L1|E1|E2|G1,rs_3_5|gatl_uniform_3_5|native|rs_2_5_gateway_check|shamir_3_5|gatl_gateway|replication
pilot,0,28,iid_p10,15,L2|L1|E1|E2|G1,rs_3_5|gatl_uniform_3_5|native|rs_2_5_gateway_check|shamir_3_5|gatl_gateway|replication
pilot,0,28,iid_p15,15,L2|L1|E1|E2|G1,rs_3_5|gatl_uniform_3_5|native|rs_2_5_gateway_check|shamir_3_5|gatl_gateway|replication
pilot,0,28,iid_p35,13,L2|L1|E1|E2|G1,rs_3_5|gatl_uniform_3_5|native|rs_2_5_gateway_check|shamir_3_5|gatl_gateway|replication
pilot,0,28,iid_p30,13,L2|L1|E1|E2|G1,rs_3_5|gatl_uniform_3_5|native|rs_2_5_gateway_check|shamir_3_5|gatl_gateway|replication
pilot,0,28,iid_p25,13,L2|L1|E1|E2|G1,rs_3_5|gatl_uniform_3_5|native|rs_2_5_gateway_check|shamir_3_5|gatl_gateway|replication
pilot,0,28,iid_p20,15,L2|L1|E1|E2|G1,rs_3_5|gatl_uniform_3_5|native|rs_2_5_gateway_check|shamir_3_5|gatl_gateway|replication
pilot,0,28,iid_p05,15,L2|L1|E1|E2|G1,rs_3_5|gatl_uniform_3_5|native|rs_2_5_gateway_check|shamir_3_5|gatl_gateway|replication
pilot,0,28,iid_p00,31,L2|L1|E1|E2|G1,rs_3_5|gatl_uniform_3_5|native|rs_2_5_gateway_check|shamir_3_5|gatl_gateway|replication
pilot,0,28,iid_p60,8,L2|L1|E1|E2|G1,rs_3_5|gatl_uniform_3_5|native|rs_2_5_gateway_check|shamir_3_5|gatl_gateway|replication
pilot,0,28,heterogeneous_example,13,L2|L1|E1|E2|G1,rs_3_5|gatl_uniform_3_5|native|rs_2_5_gateway_check|shamir_3_5|gatl_gateway|replication
pilot,0,28,iid_p50,9,L2|L1|E1|E2|G1,rs_3_5|gatl_uniform_3_5|native|rs_2_5_gateway_check|shamir_3_5|gatl_gateway|replication
pilot,0,28,iid_p55,9,L2|L1|E1|E2|G1,rs_3_5|gatl_uniform_3_5|native|rs_2_5_gateway_check|shamir_3_5|gatl_gateway|replication
pilot,0,28,iid_p40,9,L2|L1|E1|E2|G1,rs_3_5|gatl_uniform_3_5|native|rs_2_5_gateway_check|shamir_3_5|gatl_gateway|replication
pilot,0,29,iid_p35,30,L1|G1|L2|E2|E1,rs_2_5_gateway_check|shamir_3_5|gatl_gateway|replication|rs_3_5|gatl_uniform_3_5|native
pilot,0,29,iid_p25,30,L1|G1|L2|E2|E1,rs_2_5_gateway_check|shamir_3_5|gatl_gateway|replication|rs_3_5|gatl_uniform_3_5|native
pilot,0,29,iid_p40,30,L1|G1|L2|E2|E1,rs_2_5_gateway_check|shamir_3_5|gatl_gateway|replication|rs_3_5|gatl_uniform_3_5|native
pilot,0,29,iid_p55,14,L1|G1|L2|E2|E1,rs_2_5_gateway_check|shamir_3_5|gatl_gateway|replication|rs_3_5|gatl_uniform_3_5|native
pilot,0,29,iid_p05,30,L1|G1|L2|E2|E1,rs_2_5_gateway_check|shamir_3_5|gatl_gateway|replication|rs_3_5|gatl_uniform_3_5|native
pilot,0,29,iid_p30,30,L1|G1|L2|E2|E1,rs_2_5_gateway_check|shamir_3_5|gatl_gateway|replication|rs_3_5|gatl_uniform_3_5|native
pilot,0,29,shared_risk_matched_p20,30,L1|G1|L2|E2|E1,rs_2_5_gateway_check|shamir_3_5|gatl_gateway|replication|rs_3_5|gatl_uniform_3_5|native
pilot,0,29,iid_p10,30,L1|G1|L2|E2|E1,rs_2_5_gateway_check|shamir_3_5|gatl_gateway|replication|rs_3_5|gatl_uniform_3_5|native
pilot,0,29,heterogeneous_example,30,L1|G1|L2|E2|E1,rs_2_5_gateway_check|shamir_3_5|gatl_gateway|replication|rs_3_5|gatl_uniform_3_5|native
pilot,0,29,iid_p45,30,L1|G1|L2|E2|E1,rs_2_5_gateway_check|shamir_3_5|gatl_gateway|replication|rs_3_5|gatl_uniform_3_5|native
pilot,0,29,iid_p00,31,L1|G1|L2|E2|E1,rs_2_5_gateway_check|shamir_3_5|gatl_gateway|replication|rs_3_5|gatl_uniform_3_5|native
pilot,0,29,iid_p60,14,L1|G1|L2|E2|E1,rs_2_5_gateway_check|shamir_3_5|gatl_gateway|replication|rs_3_5|gatl_uniform_3_5|native
pilot,0,29,iid_p15,30,L1|G1|L2|E2|E1,rs_2_5_gateway_check|shamir_3_5|gatl_gateway|replication|rs_3_5|gatl_uniform_3_5|native
pilot,0,29,iid_p20,30,L1|G1|L2|E2|E1,rs_2_5_gateway_check|shamir_3_5|gatl_gateway|replication|rs_3_5|gatl_uniform_3_5|native
pilot,0,29,iid_p50,30,L1|G1|L2|E2|E1,rs_2_5_gateway_check|shamir_3_5|gatl_gateway|replication|rs_3_5|gatl_uniform_3_5|native
pilot,0,30,iid_p40,15,E1|L1|G1|E2|L2,gatl_gateway|replication|rs_3_5|gatl_uniform_3_5|native|rs_2_5_gateway_check|shamir_3_5
pilot,0,30,heterogeneous_example,15,E1|L1|G1|E2|L2,gatl_gateway|replication|rs_3_5|gatl_uniform_3_5|native|rs_2_5_gateway_check|shamir_3_5
pilot,0,30,shared_risk_matched_p20,8,E1|L1|G1|E2|L2,gatl_gateway|replication|rs_3_5|gatl_uniform_3_5|native|rs_2_5_gateway_check|shamir_3_5
pilot,0,30,iid_p35,15,E1|L1|G1|E2|L2,gatl_gateway|replication|rs_3_5|gatl_uniform_3_5|native|rs_2_5_gateway_check|shamir_3_5
pilot,0,30,iid_p25,15,E1|L1|G1|E2|L2,gatl_gateway|replication|rs_3_5|gatl_uniform_3_5|native|rs_2_5_gateway_check|shamir_3_5
pilot,0,30,iid_p55,1,E1|L1|G1|E2|L2,gatl_gateway|replication|rs_3_5|gatl_uniform_3_5|native|rs_2_5_gateway_check|shamir_3_5
pilot,0,30,iid_p00,31,E1|L1|G1|E2|L2,gatl_gateway|replication|rs_3_5|gatl_uniform_3_5|native|rs_2_5_gateway_check|shamir_3_5
pilot,0,30,iid_p15,15,E1|L1|G1|E2|L2,gatl_gateway|replication|rs_3_5|gatl_uniform_3_5|native|rs_2_5_gateway_check|shamir_3_5
pilot,0,30,iid_p30,15,E1|L1|G1|E2|L2,gatl_gateway|replication|rs_3_5|gatl_uniform_3_5|native|rs_2_5_gateway_check|shamir_3_5
pilot,0,30,iid_p50,9,E1|L1|G1|E2|L2,gatl_gateway|replication|rs_3_5|gatl_uniform_3_5|native|rs_2_5_gateway_check|shamir_3_5
pilot,0,30,iid_p10,15,E1|L1|G1|E2|L2,gatl_gateway|replication|rs_3_5|gatl_uniform_3_5|native|rs_2_5_gateway_check|shamir_3_5
pilot,0,30,iid_p60,1,E1|L1|G1|E2|L2,gatl_gateway|replication|rs_3_5|gatl_uniform_3_5|native|rs_2_5_gateway_check|shamir_3_5
pilot,0,30,iid_p45,13,E1|L1|G1|E2|L2,gatl_gateway|replication|rs_3_5|gatl_uniform_3_5|native|rs_2_5_gateway_check|shamir_3_5
pilot,0,30,iid_p20,15,E1|L1|G1|E2|L2,gatl_gateway|replication|rs_3_5|gatl_uniform_3_5|native|rs_2_5_gateway_check|shamir_3_5
pilot,0,30,iid_p05,31,E1|L1|G1|E2|L2,gatl_gateway|replication|rs_3_5|gatl_uniform_3_5|native|rs_2_5_gateway_check|shamir_3_5
pilot,0,31,iid_p15,19,E2|E1|L1|L2|G1,native|rs_2_5_gateway_check|shamir_3_5|gatl_gateway|replication|rs_3_5|gatl_uniform_3_5
pilot,0,31,iid_p35,17,E2|E1|L1|L2|G1,native|rs_2_5_gateway_check|shamir_3_5|gatl_gateway|replication|rs_3_5|gatl_uniform_3_5
pilot,0,31,iid_p50,17,E2|E1|L1|L2|G1,native|rs_2_5_gateway_check|shamir_3_5|gatl_gateway|replication|rs_3_5|gatl_uniform_3_5
pilot,0,31,iid_p45,17,E2|E1|L1|L2|G1,native|rs_2_5_gateway_check|shamir_3_5|gatl_gateway|replication|rs_3_5|gatl_uniform_3_5
pilot,0,31,iid_p30,17,E2|E1|L1|L2|G1,native|rs_2_5_gateway_check|shamir_3_5|gatl_gateway|replication|rs_3_5|gatl_uniform_3_5
pilot,0,31,iid_p05,27,E2|E1|L1|L2|G1,native|rs_2_5_gateway_check|shamir_3_5|gatl_gateway|replication|rs_3_5|gatl_uniform_3_5
pilot,0,31,heterogeneous_example,19,E2|E1|L1|L2|G1,native|rs_2_5_gateway_check|shamir_3_5|gatl_gateway|replication|rs_3_5|gatl_uniform_3_5
pilot,0,31,shared_risk_matched_p20,19,E2|E1|L1|L2|G1,native|rs_2_5_gateway_check|shamir_3_5|gatl_gateway|replication|rs_3_5|gatl_uniform_3_5
pilot,0,31,iid_p20,19,E2|E1|L1|L2|G1,native|rs_2_5_gateway_check|shamir_3_5|gatl_gateway|replication|rs_3_5|gatl_uniform_3_5
pilot,0,31,iid_p55,17,E2|E1|L1|L2|G1,native|rs_2_5_gateway_check|shamir_3_5|gatl_gateway|replication|rs_3_5|gatl_uniform_3_5
pilot,0,31,iid_p60,17,E2|E1|L1|L2|G1,native|rs_2_5_gateway_check|shamir_3_5|gatl_gateway|replication|rs_3_5|gatl_uniform_3_5
pilot,0,31,iid_p10,27,E2|E1|L1|L2|G1,native|rs_2_5_gateway_check|shamir_3_5|gatl_gateway|replication|rs_3_5|gatl_uniform_3_5
pilot,0,31,iid_p25,19,E2|E1|L1|L2|G1,native|rs_2_5_gateway_check|shamir_3_5|gatl_gateway|replication|rs_3_5|gatl_uniform_3_5
pilot,0,31,iid_p40,17,E2|E1|L1|L2|G1,native|rs_2_5_gateway_check|shamir_3_5|gatl_gateway|replication|rs_3_5|gatl_uniform_3_5
pilot,0,31,iid_p00,31,E2|E1|L1|L2|G1,native|rs_2_5_gateway_check|shamir_3_5|gatl_gateway|replication|rs_3_5|gatl_uniform_3_5
pilot,0,32,iid_p35,26,E1|L2|L1|E2|G1,gatl_uniform_3_5|native|rs_2_5_gateway_check|shamir_3_5|gatl_gateway|replication|rs_3_5
pilot,0,32,iid_p30,26,E1|L2|L1|E2|G1,gatl_uniform_3_5|native|rs_2_5_gateway_check|shamir_3_5|gatl_gateway|replication|rs_3_5
pilot,0,32,iid_p00,31,E1|L2|L1|E2|G1,gatl_uniform_3_5|native|rs_2_5_gateway_check|shamir_3_5|gatl_gateway|replication|rs_3_5
pilot,0,32,iid_p20,26,E1|L2|L1|E2|G1,gatl_uniform_3_5|native|rs_2_5_gateway_check|shamir_3_5|gatl_gateway|replication|rs_3_5
pilot,0,32,iid_p45,26,E1|L2|L1|E2|G1,gatl_uniform_3_5|native|rs_2_5_gateway_check|shamir_3_5|gatl_gateway|replication|rs_3_5
pilot,0,32,iid_p25,26,E1|L2|L1|E2|G1,gatl_uniform_3_5|native|rs_2_5_gateway_check|shamir_3_5|gatl_gateway|replication|rs_3_5
pilot,0,32,iid_p10,31,E1|L2|L1|E2|G1,gatl_uniform_3_5|native|rs_2_5_gateway_check|shamir_3_5|gatl_gateway|replication|rs_3_5
pilot,0,32,shared_risk_matched_p20,31,E1|L2|L1|E2|G1,gatl_uniform_3_5|native|rs_2_5_gateway_check|shamir_3_5|gatl_gateway|replication|rs_3_5
pilot,0,32,iid_p50,26,E1|L2|L1|E2|G1,gatl_uniform_3_5|native|rs_2_5_gateway_check|shamir_3_5|gatl_gateway|replication|rs_3_5
pilot,0,32,iid_p40,26,E1|L2|L1|E2|G1,gatl_uniform_3_5|native|rs_2_5_gateway_check|shamir_3_5|gatl_gateway|replication|rs_3_5
pilot,0,32,heterogeneous_example,27,E1|L2|L1|E2|G1,gatl_uniform_3_5|native|rs_2_5_gateway_check|shamir_3_5|gatl_gateway|replication|rs_3_5
pilot,0,32,iid_p60,18,E1|L2|L1|E2|G1,gatl_uniform_3_5|native|rs_2_5_gateway_check|shamir_3_5|gatl_gateway|replication|rs_3_5
pilot,0,32,iid_p05,31,E1|L2|L1|E2|G1,gatl_uniform_3_5|native|rs_2_5_gateway_check|shamir_3_5|gatl_gateway|replication|rs_3_5
pilot,0,32,iid_p15,30,E1|L2|L1|E2|G1,gatl_uniform_3_5|native|rs_2_5_gateway_check|shamir_3_5|gatl_gateway|replication|rs_3_5
pilot,0,32,iid_p55,18,E1|L2|L1|E2|G1,gatl_uniform_3_5|native|rs_2_5_gateway_check|shamir_3_5|gatl_gateway|replication|rs_3_5
pilot,0,33,shared_risk_matched_p20,31,G1|L1|L2|E1|E2,replication|rs_3_5|gatl_uniform_3_5|native|rs_2_5_gateway_check|shamir_3_5|gatl_gateway
pilot,0,33,iid_p20,31,G1|L1|L2|E1|E2,replication|rs_3_5|gatl_uniform_3_5|native|rs_2_5_gateway_check|shamir_3_5|gatl_gateway
pilot,0,33,heterogeneous_example,31,G1|L1|L2|E1|E2,replication|rs_3_5|gatl_uniform_3_5|native|rs_2_5_gateway_check|shamir_3_5|gatl_gateway
pilot,0,33,iid_p55,2,G1|L1|L2|E1|E2,replication|rs_3_5|gatl_uniform_3_5|native|rs_2_5_gateway_check|shamir_3_5|gatl_gateway
pilot,0,33,iid_p15,31,G1|L1|L2|E1|E2,replication|rs_3_5|gatl_uniform_3_5|native|rs_2_5_gateway_check|shamir_3_5|gatl_gateway
pilot,0,33,iid_p60,2,G1|L1|L2|E1|E2,replication|rs_3_5|gatl_uniform_3_5|native|rs_2_5_gateway_check|shamir_3_5|gatl_gateway
pilot,0,33,iid_p25,31,G1|L1|L2|E1|E2,replication|rs_3_5|gatl_uniform_3_5|native|rs_2_5_gateway_check|shamir_3_5|gatl_gateway
pilot,0,33,iid_p30,23,G1|L1|L2|E1|E2,replication|rs_3_5|gatl_uniform_3_5|native|rs_2_5_gateway_check|shamir_3_5|gatl_gateway
pilot,0,33,iid_p50,18,G1|L1|L2|E1|E2,replication|rs_3_5|gatl_uniform_3_5|native|rs_2_5_gateway_check|shamir_3_5|gatl_gateway
pilot,0,33,iid_p45,18,G1|L1|L2|E1|E2,replication|rs_3_5|gatl_uniform_3_5|native|rs_2_5_gateway_check|shamir_3_5|gatl_gateway
pilot,0,33,iid_p00,31,G1|L1|L2|E1|E2,replication|rs_3_5|gatl_uniform_3_5|native|rs_2_5_gateway_check|shamir_3_5|gatl_gateway
pilot,0,33,iid_p35,23,G1|L1|L2|E1|E2,replication|rs_3_5|gatl_uniform_3_5|native|rs_2_5_gateway_check|shamir_3_5|gatl_gateway
pilot,0,33,iid_p40,23,G1|L1|L2|E1|E2,replication|rs_3_5|gatl_uniform_3_5|native|rs_2_5_gateway_check|shamir_3_5|gatl_gateway
pilot,0,33,iid_p10,31,G1|L1|L2|E1|E2,replication|rs_3_5|gatl_uniform_3_5|native|rs_2_5_gateway_check|shamir_3_5|gatl_gateway
pilot,0,33,iid_p05,31,G1|L1|L2|E1|E2,replication|rs_3_5|gatl_uniform_3_5|native|rs_2_5_gateway_check|shamir_3_5|gatl_gateway
pilot,0,34,iid_p10,31,E2|E1|L1|G1|L2,shamir_3_5|gatl_gateway|replication|rs_3_5|gatl_uniform_3_5|native|rs_2_5_gateway_check
pilot,0,34,iid_p25,25,E2|E1|L1|G1|L2,shamir_3_5|gatl_gateway|replication|rs_3_5|gatl_uniform_3_5|native|rs_2_5_gateway_check
pilot,0,34,iid_p30,25,E2|E1|L1|G1|L2,shamir_3_5|gatl_gateway|replication|rs_3_5|gatl_uniform_3_5|native|rs_2_5_gateway_check
pilot,0,34,iid_p55,25,E2|E1|L1|G1|L2,shamir_3_5|gatl_gateway|replication|rs_3_5|gatl_uniform_3_5|native|rs_2_5_gateway_check
pilot,0,34,heterogeneous_example,25,E2|E1|L1|G1|L2,shamir_3_5|gatl_gateway|replication|rs_3_5|gatl_uniform_3_5|native|rs_2_5_gateway_check
pilot,0,34,iid_p20,31,E2|E1|L1|G1|L2,shamir_3_5|gatl_gateway|replication|rs_3_5|gatl_uniform_3_5|native|rs_2_5_gateway_check
pilot,0,34,iid_p50,25,E2|E1|L1|G1|L2,shamir_3_5|gatl_gateway|replication|rs_3_5|gatl_uniform_3_5|native|rs_2_5_gateway_check
pilot,0,34,iid_p00,31,E2|E1|L1|G1|L2,shamir_3_5|gatl_gateway|replication|rs_3_5|gatl_uniform_3_5|native|rs_2_5_gateway_check
pilot,0,34,iid_p40,25,E2|E1|L1|G1|L2,shamir_3_5|gatl_gateway|replication|rs_3_5|gatl_uniform_3_5|native|rs_2_5_gateway_check
pilot,0,34,iid_p15,31,E2|E1|L1|G1|L2,shamir_3_5|gatl_gateway|replication|rs_3_5|gatl_uniform_3_5|native|rs_2_5_gateway_check
pilot,0,34,shared_risk_matched_p20,31,E2|E1|L1|G1|L2,shamir_3_5|gatl_gateway|replication|rs_3_5|gatl_uniform_3_5|native|rs_2_5_gateway_check
pilot,0,34,iid_p05,31,E2|E1|L1|G1|L2,shamir_3_5|gatl_gateway|replication|rs_3_5|gatl_uniform_3_5|native|rs_2_5_gateway_check
pilot,0,34,iid_p35,25,E2|E1|L1|G1|L2,shamir_3_5|gatl_gateway|replication|rs_3_5|gatl_uniform_3_5|native|rs_2_5_gateway_check
pilot,0,34,iid_p45,25,E2|E1|L1|G1|L2,shamir_3_5|gatl_gateway|replication|rs_3_5|gatl_uniform_3_5|native|rs_2_5_gateway_check
pilot,0,34,iid_p60,17,E2|E1|L1|G1|L2,shamir_3_5|gatl_gateway|replication|rs_3_5|gatl_uniform_3_5|native|rs_2_5_gateway_check
pilot,0,35,iid_p15,23,L1|G1|E1|L2|E2,gatl_uniform_3_5|rs_2_5_gateway_check|gatl_gateway|native|shamir_3_5|rs_3_5|replication
pilot,0,35,iid_p20,23,L1|G1|E1|L2|E2,gatl_uniform_3_5|rs_2_5_gateway_check|gatl_gateway|native|shamir_3_5|rs_3_5|replication
pilot,0,35,heterogeneous_example,23,L1|G1|E1|L2|E2,gatl_uniform_3_5|rs_2_5_gateway_check|gatl_gateway|native|shamir_3_5|rs_3_5|replication
pilot,0,35,iid_p25,23,L1|G1|E1|L2|E2,gatl_uniform_3_5|rs_2_5_gateway_check|gatl_gateway|native|shamir_3_5|rs_3_5|replication
pilot,0,35,shared_risk_matched_p20,23,L1|G1|E1|L2|E2,gatl_uniform_3_5|rs_2_5_gateway_check|gatl_gateway|native|shamir_3_5|rs_3_5|replication
pilot,0,35,iid_p00,31,L1|G1|E1|L2|E2,gatl_uniform_3_5|rs_2_5_gateway_check|gatl_gateway|native|shamir_3_5|rs_3_5|replication
pilot,0,35,iid_p45,7,L1|G1|E1|L2|E2,gatl_uniform_3_5|rs_2_5_gateway_check|gatl_gateway|native|shamir_3_5|rs_3_5|replication
pilot,0,35,iid_p50,7,L1|G1|E1|L2|E2,gatl_uniform_3_5|rs_2_5_gateway_check|gatl_gateway|native|shamir_3_5|rs_3_5|replication
pilot,0,35,iid_p55,7,L1|G1|E1|L2|E2,gatl_uniform_3_5|rs_2_5_gateway_check|gatl_gateway|native|shamir_3_5|rs_3_5|replication
pilot,0,35,iid_p40,7,L1|G1|E1|L2|E2,gatl_uniform_3_5|rs_2_5_gateway_check|gatl_gateway|native|shamir_3_5|rs_3_5|replication
pilot,0,35,iid_p30,23,L1|G1|E1|L2|E2,gatl_uniform_3_5|rs_2_5_gateway_check|gatl_gateway|native|shamir_3_5|rs_3_5|replication
pilot,0,35,iid_p10,31,L1|G1|E1|L2|E2,gatl_uniform_3_5|rs_2_5_gateway_check|gatl_gateway|native|shamir_3_5|rs_3_5|replication
pilot,0,35,iid_p60,7,L1|G1|E1|L2|E2,gatl_uniform_3_5|rs_2_5_gateway_check|gatl_gateway|native|shamir_3_5|rs_3_5|replication
pilot,0,35,iid_p35,23,L1|G1|E1|L2|E2,gatl_uniform_3_5|rs_2_5_gateway_check|gatl_gateway|native|shamir_3_5|rs_3_5|replication
pilot,0,35,iid_p05,31,L1|G1|E1|L2|E2,gatl_uniform_3_5|rs_2_5_gateway_check|gatl_gateway|native|shamir_3_5|rs_3_5|replication
pilot,0,36,iid_p55,10,E1|E2|G1|L1|L2,gatl_gateway|native|shamir_3_5|rs_3_5|replication|gatl_uniform_3_5|rs_2_5_gateway_check
pilot,0,36,iid_p15,31,E1|E2|G1|L1|L2,gatl_gateway|native|shamir_3_5|rs_3_5|replication|gatl_uniform_3_5|rs_2_5_gateway_check
pilot,0,36,iid_p40,15,E1|E2|G1|L1|L2,gatl_gateway|native|shamir_3_5|rs_3_5|replication|gatl_uniform_3_5|rs_2_5_gateway_check
pilot,0,36,iid_p10,31,E1|E2|G1|L1|L2,gatl_gateway|native|shamir_3_5|rs_3_5|replication|gatl_uniform_3_5|rs_2_5_gateway_check
pilot,0,36,iid_p45,11,E1|E2|G1|L1|L2,gatl_gateway|native|shamir_3_5|rs_3_5|replication|gatl_uniform_3_5|rs_2_5_gateway_check
pilot,0,36,iid_p20,31,E1|E2|G1|L1|L2,gatl_gateway|native|shamir_3_5|rs_3_5|replication|gatl_uniform_3_5|rs_2_5_gateway_check
pilot,0,36,iid_p25,31,E1|E2|G1|L1|L2,gatl_gateway|native|shamir_3_5|rs_3_5|replication|gatl_uniform_3_5|rs_2_5_gateway_check
pilot,0,36,iid_p35,15,E1|E2|G1|L1|L2,gatl_gateway|native|shamir_3_5|rs_3_5|replication|gatl_uniform_3_5|rs_2_5_gateway_check
pilot,0,36,heterogeneous_example,31,E1|E2|G1|L1|L2,gatl_gateway|native|shamir_3_5|rs_3_5|replication|gatl_uniform_3_5|rs_2_5_gateway_check
pilot,0,36,iid_p30,31,E1|E2|G1|L1|L2,gatl_gateway|native|shamir_3_5|rs_3_5|replication|gatl_uniform_3_5|rs_2_5_gateway_check
pilot,0,36,iid_p05,31,E1|E2|G1|L1|L2,gatl_gateway|native|shamir_3_5|rs_3_5|replication|gatl_uniform_3_5|rs_2_5_gateway_check
pilot,0,36,iid_p50,10,E1|E2|G1|L1|L2,gatl_gateway|native|shamir_3_5|rs_3_5|replication|gatl_uniform_3_5|rs_2_5_gateway_check
pilot,0,36,iid_p60,10,E1|E2|G1|L1|L2,gatl_gateway|native|shamir_3_5|rs_3_5|replication|gatl_uniform_3_5|rs_2_5_gateway_check
pilot,0,36,iid_p00,31,E1|E2|G1|L1|L2,gatl_gateway|native|shamir_3_5|rs_3_5|replication|gatl_uniform_3_5|rs_2_5_gateway_check
pilot,0,36,shared_risk_matched_p20,31,E1|E2|G1|L1|L2,gatl_gateway|native|shamir_3_5|rs_3_5|replication|gatl_uniform_3_5|rs_2_5_gateway_check
pilot,0,37,iid_p25,27,E2|L2|E1|G1|L1,shamir_3_5|rs_3_5|replication|gatl_uniform_3_5|rs_2_5_gateway_check|gatl_gateway|native
pilot,0,37,iid_p35,19,E2|L2|E1|G1|L1,shamir_3_5|rs_3_5|replication|gatl_uniform_3_5|rs_2_5_gateway_check|gatl_gateway|native
pilot,0,37,iid_p10,31,E2|L2|E1|G1|L1,shamir_3_5|rs_3_5|replication|gatl_uniform_3_5|rs_2_5_gateway_check|gatl_gateway|native
pilot,0,37,iid_p05,31,E2|L2|E1|G1|L1,shamir_3_5|rs_3_5|replication|gatl_uniform_3_5|rs_2_5_gateway_check|gatl_gateway|native
pilot,0,37,iid_p15,31,E2|L2|E1|G1|L1,shamir_3_5|rs_3_5|replication|gatl_uniform_3_5|rs_2_5_gateway_check|gatl_gateway|native
pilot,0,37,iid_p20,31,E2|L2|E1|G1|L1,shamir_3_5|rs_3_5|replication|gatl_uniform_3_5|rs_2_5_gateway_check|gatl_gateway|native
pilot,0,37,iid_p45,19,E2|L2|E1|G1|L1,shamir_3_5|rs_3_5|replication|gatl_uniform_3_5|rs_2_5_gateway_check|gatl_gateway|native
pilot,0,37,iid_p40,19,E2|L2|E1|G1|L1,shamir_3_5|rs_3_5|replication|gatl_uniform_3_5|rs_2_5_gateway_check|gatl_gateway|native
pilot,0,37,iid_p50,19,E2|L2|E1|G1|L1,shamir_3_5|rs_3_5|replication|gatl_uniform_3_5|rs_2_5_gateway_check|gatl_gateway|native
pilot,0,37,iid_p60,19,E2|L2|E1|G1|L1,shamir_3_5|rs_3_5|replication|gatl_uniform_3_5|rs_2_5_gateway_check|gatl_gateway|native
pilot,0,37,shared_risk_matched_p20,31,E2|L2|E1|G1|L1,shamir_3_5|rs_3_5|replication|gatl_uniform_3_5|rs_2_5_gateway_check|gatl_gateway|native
pilot,0,37,heterogeneous_example,27,E2|L2|E1|G1|L1,shamir_3_5|rs_3_5|replication|gatl_uniform_3_5|rs_2_5_gateway_check|gatl_gateway|native
pilot,0,37,iid_p00,31,E2|L2|E1|G1|L1,shamir_3_5|rs_3_5|replication|gatl_uniform_3_5|rs_2_5_gateway_check|gatl_gateway|native
pilot,0,37,iid_p55,19,E2|L2|E1|G1|L1,shamir_3_5|rs_3_5|replication|gatl_uniform_3_5|rs_2_5_gateway_check|gatl_gateway|native
pilot,0,37,iid_p30,27,E2|L2|E1|G1|L1,shamir_3_5|rs_3_5|replication|gatl_uniform_3_5|rs_2_5_gateway_check|gatl_gateway|native
pilot,0,38,iid_p00,31,E2|L1|E1|L2|G1,rs_2_5_gateway_check|gatl_gateway|native|shamir_3_5|rs_3_5|replication|gatl_uniform_3_5
pilot,0,38,iid_p15,29,E2|L1|E1|L2|G1,rs_2_5_gateway_check|gatl_gateway|native|shamir_3_5|rs_3_5|replication|gatl_uniform_3_5
pilot,0,38,iid_p50,17,E2|L1|E1|L2|G1,rs_2_5_gateway_check|gatl_gateway|native|shamir_3_5|rs_3_5|replication|gatl_uniform_3_5
pilot,0,38,iid_p45,17,E2|L1|E1|L2|G1,rs_2_5_gateway_check|gatl_gateway|native|shamir_3_5|rs_3_5|replication|gatl_uniform_3_5
pilot,0,38,iid_p35,25,E2|L1|E1|L2|G1,rs_2_5_gateway_check|gatl_gateway|native|shamir_3_5|rs_3_5|replication|gatl_uniform_3_5
pilot,0,38,iid_p40,17,E2|L1|E1|L2|G1,rs_2_5_gateway_check|gatl_gateway|native|shamir_3_5|rs_3_5|replication|gatl_uniform_3_5
pilot,0,38,shared_risk_matched_p20,29,E2|L1|E1|L2|G1,rs_2_5_gateway_check|gatl_gateway|native|shamir_3_5|rs_3_5|replication|gatl_uniform_3_5
pilot,0,38,iid_p25,25,E2|L1|E1|L2|G1,rs_2_5_gateway_check|gatl_gateway|native|shamir_3_5|rs_3_5|replication|gatl_uniform_3_5
pilot,0,38,iid_p10,29,E2|L1|E1|L2|G1,rs_2_5_gateway_check|gatl_gateway|native|shamir_3_5|rs_3_5|replication|gatl_uniform_3_5
pilot,0,38,iid_p30,25,E2|L1|E1|L2|G1,rs_2_5_gateway_check|gatl_gateway|native|shamir_3_5|rs_3_5|replication|gatl_uniform_3_5
pilot,0,38,iid_p05,29,E2|L1|E1|L2|G1,rs_2_5_gateway_check|gatl_gateway|native|shamir_3_5|rs_3_5|replication|gatl_uniform_3_5
pilot,0,38,iid_p55,17,E2|L1|E1|L2|G1,rs_2_5_gateway_check|gatl_gateway|native|shamir_3_5|rs_3_5|replication|gatl_uniform_3_5
pilot,0,38,heterogeneous_example,25,E2|L1|E1|L2|G1,rs_2_5_gateway_check|gatl_gateway|native|shamir_3_5|rs_3_5|replication|gatl_uniform_3_5
pilot,0,38,iid_p20,29,E2|L1|E1|L2|G1,rs_2_5_gateway_check|gatl_gateway|native|shamir_3_5|rs_3_5|replication|gatl_uniform_3_5
pilot,0,38,iid_p60,16,E2|L1|E1|L2|G1,rs_2_5_gateway_check|gatl_gateway|native|shamir_3_5|rs_3_5|replication|gatl_uniform_3_5
pilot,0,39,iid_p15,31,G1|E2|L1|E1|L2,replication|gatl_uniform_3_5|rs_2_5_gateway_check|gatl_gateway|native|shamir_3_5|rs_3_5
pilot,0,39,iid_p40,31,G1|E2|L1|E1|L2,replication|gatl_uniform_3_5|rs_2_5_gateway_check|gatl_gateway|native|shamir_3_5|rs_3_5
pilot,0,39,iid_p10,31,G1|E2|L1|E1|L2,replication|gatl_uniform_3_5|rs_2_5_gateway_check|gatl_gateway|native|shamir_3_5|rs_3_5
pilot,0,39,iid_p35,31,G1|E2|L1|E1|L2,replication|gatl_uniform_3_5|rs_2_5_gateway_check|gatl_gateway|native|shamir_3_5|rs_3_5
pilot,0,39,iid_p60,7,G1|E2|L1|E1|L2,replication|gatl_uniform_3_5|rs_2_5_gateway_check|gatl_gateway|native|shamir_3_5|rs_3_5
pilot,0,39,iid_p50,23,G1|E2|L1|E1|L2,replication|gatl_uniform_3_5|rs_2_5_gateway_check|gatl_gateway|native|shamir_3_5|rs_3_5
pilot,0,39,shared_risk_matched_p20,31,G1|E2|L1|E1|L2,replication|gatl_uniform_3_5|rs_2_5_gateway_check|gatl_gateway|native|shamir_3_5|rs_3_5
pilot,0,39,iid_p20,31,G1|E2|L1|E1|L2,replication|gatl_uniform_3_5|rs_2_5_gateway_check|gatl_gateway|native|shamir_3_5|rs_3_5
pilot,0,39,iid_p45,31,G1|E2|L1|E1|L2,replication|gatl_uniform_3_5|rs_2_5_gateway_check|gatl_gateway|native|shamir_3_5|rs_3_5
pilot,0,39,iid_p55,23,G1|E2|L1|E1|L2,replication|gatl_uniform_3_5|rs_2_5_gateway_check|gatl_gateway|native|shamir_3_5|rs_3_5
pilot,0,39,iid_p30,31,G1|E2|L1|E1|L2,replication|gatl_uniform_3_5|rs_2_5_gateway_check|gatl_gateway|native|shamir_3_5|rs_3_5
pilot,0,39,iid_p25,31,G1|E2|L1|E1|L2,replication|gatl_uniform_3_5|rs_2_5_gateway_check|gatl_gateway|native|shamir_3_5|rs_3_5
pilot,0,39,iid_p00,31,G1|E2|L1|E1|L2,replication|gatl_uniform_3_5|rs_2_5_gateway_check|gatl_gateway|native|shamir_3_5|rs_3_5
pilot,0,39,heterogeneous_example,31,G1|E2|L1|E1|L2,replication|gatl_uniform_3_5|rs_2_5_gateway_check|gatl_gateway|native|shamir_3_5|rs_3_5
pilot,0,39,iid_p05,31,G1|E2|L1|E1|L2,replication|gatl_uniform_3_5|rs_2_5_gateway_check|gatl_gateway|native|shamir_3_5|rs_3_5
pilot,0,40,heterogeneous_example,31,E2|G1|L1|L2|E1,rs_3_5|replication|gatl_uniform_3_5|rs_2_5_gateway_check|gatl_gateway|native|shamir_3_5
pilot,0,40,iid_p35,22,E2|G1|L1|L2|E1,rs_3_5|replication|gatl_uniform_3_5|rs_2_5_gateway_check|gatl_gateway|native|shamir_3_5
pilot,0,40,iid_p15,31,E2|G1|L1|L2|E1,rs_3_5|replication|gatl_uniform_3_5|rs_2_5_gateway_check|gatl_gateway|native|shamir_3_5
pilot,0,40,iid_p60,4,E2|G1|L1|L2|E1,rs_3_5|replication|gatl_uniform_3_5|rs_2_5_gateway_check|gatl_gateway|native|shamir_3_5
pilot,0,40,iid_p30,22,E2|G1|L1|L2|E1,rs_3_5|replication|gatl_uniform_3_5|rs_2_5_gateway_check|gatl_gateway|native|shamir_3_5
pilot,0,40,shared_risk_matched_p20,31,E2|G1|L1|L2|E1,rs_3_5|replication|gatl_uniform_3_5|rs_2_5_gateway_check|gatl_gateway|native|shamir_3_5
pilot,0,40,iid_p20,30,E2|G1|L1|L2|E1,rs_3_5|replication|gatl_uniform_3_5|rs_2_5_gateway_check|gatl_gateway|native|shamir_3_5
pilot,0,40,iid_p05,31,E2|G1|L1|L2|E1,rs_3_5|replication|gatl_uniform_3_5|rs_2_5_gateway_check|gatl_gateway|native|shamir_3_5
pilot,0,40,iid_p25,30,E2|G1|L1|L2|E1,rs_3_5|replication|gatl_uniform_3_5|rs_2_5_gateway_check|gatl_gateway|native|shamir_3_5
pilot,0,40,iid_p10,31,E2|G1|L1|L2|E1,rs_3_5|replication|gatl_uniform_3_5|rs_2_5_gateway_check|gatl_gateway|native|shamir_3_5
pilot,0,40,iid_p55,4,E2|G1|L1|L2|E1,rs_3_5|replication|gatl_uniform_3_5|rs_2_5_gateway_check|gatl_gateway|native|shamir_3_5
pilot,0,40,iid_p50,4,E2|G1|L1|L2|E1,rs_3_5|replication|gatl_uniform_3_5|rs_2_5_gateway_check|gatl_gateway|native|shamir_3_5
pilot,0,40,iid_p40,4,E2|G1|L1|L2|E1,rs_3_5|replication|gatl_uniform_3_5|rs_2_5_gateway_check|gatl_gateway|native|shamir_3_5
pilot,0,40,iid_p45,4,E2|G1|L1|L2|E1,rs_3_5|replication|gatl_uniform_3_5|rs_2_5_gateway_check|gatl_gateway|native|shamir_3_5
pilot,0,40,iid_p00,31,E2|G1|L1|L2|E1,rs_3_5|replication|gatl_uniform_3_5|rs_2_5_gateway_check|gatl_gateway|native|shamir_3_5
pilot,0,41,iid_p45,26,E2|L1|L2|E1|G1,native|shamir_3_5|rs_3_5|replication|gatl_uniform_3_5|rs_2_5_gateway_check|gatl_gateway
pilot,0,41,iid_p15,30,E2|L1|L2|E1|G1,native|shamir_3_5|rs_3_5|replication|gatl_uniform_3_5|rs_2_5_gateway_check|gatl_gateway
pilot,0,41,iid_p25,26,E2|L1|L2|E1|G1,native|shamir_3_5|rs_3_5|replication|gatl_uniform_3_5|rs_2_5_gateway_check|gatl_gateway
pilot,0,41,iid_p10,31,E2|L1|L2|E1|G1,native|shamir_3_5|rs_3_5|replication|gatl_uniform_3_5|rs_2_5_gateway_check|gatl_gateway
pilot,0,41,iid_p20,30,E2|L1|L2|E1|G1,native|shamir_3_5|rs_3_5|replication|gatl_uniform_3_5|rs_2_5_gateway_check|gatl_gateway
pilot,0,41,shared_risk_matched_p20,31,E2|L1|L2|E1|G1,native|shamir_3_5|rs_3_5|replication|gatl_uniform_3_5|rs_2_5_gateway_check|gatl_gateway
pilot,0,41,iid_p60,24,E2|L1|L2|E1|G1,native|shamir_3_5|rs_3_5|replication|gatl_uniform_3_5|rs_2_5_gateway_check|gatl_gateway
pilot,0,41,heterogeneous_example,27,E2|L1|L2|E1|G1,native|shamir_3_5|rs_3_5|replication|gatl_uniform_3_5|rs_2_5_gateway_check|gatl_gateway
pilot,0,41,iid_p55,26,E2|L1|L2|E1|G1,native|shamir_3_5|rs_3_5|replication|gatl_uniform_3_5|rs_2_5_gateway_check|gatl_gateway
pilot,0,41,iid_p50,26,E2|L1|L2|E1|G1,native|shamir_3_5|rs_3_5|replication|gatl_uniform_3_5|rs_2_5_gateway_check|gatl_gateway
pilot,0,41,iid_p35,26,E2|L1|L2|E1|G1,native|shamir_3_5|rs_3_5|replication|gatl_uniform_3_5|rs_2_5_gateway_check|gatl_gateway
pilot,0,41,iid_p30,26,E2|L1|L2|E1|G1,native|shamir_3_5|rs_3_5|replication|gatl_uniform_3_5|rs_2_5_gateway_check|gatl_gateway
pilot,0,41,iid_p00,31,E2|L1|L2|E1|G1,native|shamir_3_5|rs_3_5|replication|gatl_uniform_3_5|rs_2_5_gateway_check|gatl_gateway
pilot,0,41,iid_p05,31,E2|L1|L2|E1|G1,native|shamir_3_5|rs_3_5|replication|gatl_uniform_3_5|rs_2_5_gateway_check|gatl_gateway
pilot,0,41,iid_p40,26,E2|L1|L2|E1|G1,native|shamir_3_5|rs_3_5|replication|gatl_uniform_3_5|rs_2_5_gateway_check|gatl_gateway
pilot,0,42,iid_p45,3,E1|L1|L2|E2|G1,gatl_gateway|rs_3_5|shamir_3_5|replication|native|rs_2_5_gateway_check|gatl_uniform_3_5
pilot,0,42,iid_p15,31,E1|L1|L2|E2|G1,gatl_gateway|rs_3_5|shamir_3_5|replication|native|rs_2_5_gateway_check|gatl_uniform_3_5
pilot,0,42,shared_risk_matched_p20,31,E1|L1|L2|E2|G1,gatl_gateway|rs_3_5|shamir_3_5|replication|native|rs_2_5_gateway_check|gatl_uniform_3_5
pilot,0,42,iid_p10,31,E1|L1|L2|E2|G1,gatl_gateway|rs_3_5|shamir_3_5|replication|native|rs_2_5_gateway_check|gatl_uniform_3_5
pilot,0,42,iid_p20,31,E1|L1|L2|E2|G1,gatl_gateway|rs_3_5|shamir_3_5|replication|native|rs_2_5_gateway_check|gatl_uniform_3_5
pilot,0,42,heterogeneous_example,27,E1|L1|L2|E2|G1,gatl_gateway|rs_3_5|shamir_3_5|replication|native|rs_2_5_gateway_check|gatl_uniform_3_5
pilot,0,42,iid_p50,3,E1|L1|L2|E2|G1,gatl_gateway|rs_3_5|shamir_3_5|replication|native|rs_2_5_gateway_check|gatl_uniform_3_5
pilot,0,42,iid_p40,3,E1|L1|L2|E2|G1,gatl_gateway|rs_3_5|shamir_3_5|replication|native|rs_2_5_gateway_check|gatl_uniform_3_5
pilot,0,42,iid_p60,3,E1|L1|L2|E2|G1,gatl_gateway|rs_3_5|shamir_3_5|replication|native|rs_2_5_gateway_check|gatl_uniform_3_5
pilot,0,42,iid_p25,23,E1|L1|L2|E2|G1,gatl_gateway|rs_3_5|shamir_3_5|replication|native|rs_2_5_gateway_check|gatl_uniform_3_5
pilot,0,42,iid_p00,31,E1|L1|L2|E2|G1,gatl_gateway|rs_3_5|shamir_3_5|replication|native|rs_2_5_gateway_check|gatl_uniform_3_5
pilot,0,42,iid_p55,3,E1|L1|L2|E2|G1,gatl_gateway|rs_3_5|shamir_3_5|replication|native|rs_2_5_gateway_check|gatl_uniform_3_5
pilot,0,42,iid_p30,23,E1|L1|L2|E2|G1,gatl_gateway|rs_3_5|shamir_3_5|replication|native|rs_2_5_gateway_check|gatl_uniform_3_5
pilot,0,42,iid_p35,19,E1|L1|L2|E2|G1,gatl_gateway|rs_3_5|shamir_3_5|replication|native|rs_2_5_gateway_check|gatl_uniform_3_5
pilot,0,42,iid_p05,31,E1|L1|L2|E2|G1,gatl_gateway|rs_3_5|shamir_3_5|replication|native|rs_2_5_gateway_check|gatl_uniform_3_5
pilot,0,43,iid_p05,31,L1|G1|E1|E2|L2,replication|native|rs_2_5_gateway_check|gatl_uniform_3_5|gatl_gateway|rs_3_5|shamir_3_5
pilot,0,43,iid_p35,27,L1|G1|E1|E2|L2,replication|native|rs_2_5_gateway_check|gatl_uniform_3_5|gatl_gateway|rs_3_5|shamir_3_5
pilot,0,43,iid_p00,31,L1|G1|E1|E2|L2,replication|native|rs_2_5_gateway_check|gatl_uniform_3_5|gatl_gateway|rs_3_5|shamir_3_5
pilot,0,43,iid_p50,27,L1|G1|E1|E2|L2,replication|native|rs_2_5_gateway_check|gatl_uniform_3_5|gatl_gateway|rs_3_5|shamir_3_5
pilot,0,43,iid_p25,27,L1|G1|E1|E2|L2,replication|native|rs_2_5_gateway_check|gatl_uniform_3_5|gatl_gateway|rs_3_5|shamir_3_5
pilot,0,43,iid_p20,31,L1|G1|E1|E2|L2,replication|native|rs_2_5_gateway_check|gatl_uniform_3_5|gatl_gateway|rs_3_5|shamir_3_5
pilot,0,43,iid_p10,31,L1|G1|E1|E2|L2,replication|native|rs_2_5_gateway_check|gatl_uniform_3_5|gatl_gateway|rs_3_5|shamir_3_5
pilot,0,43,iid_p15,31,L1|G1|E1|E2|L2,replication|native|rs_2_5_gateway_check|gatl_uniform_3_5|gatl_gateway|rs_3_5|shamir_3_5
pilot,0,43,heterogeneous_example,27,L1|G1|E1|E2|L2,replication|native|rs_2_5_gateway_check|gatl_uniform_3_5|gatl_gateway|rs_3_5|shamir_3_5
pilot,0,43,iid_p55,27,L1|G1|E1|E2|L2,replication|native|rs_2_5_gateway_check|gatl_uniform_3_5|gatl_gateway|rs_3_5|shamir_3_5
pilot,0,43,shared_risk_matched_p20,31,L1|G1|E1|E2|L2,replication|native|rs_2_5_gateway_check|gatl_uniform_3_5|gatl_gateway|rs_3_5|shamir_3_5
pilot,0,43,iid_p60,27,L1|G1|E1|E2|L2,replication|native|rs_2_5_gateway_check|gatl_uniform_3_5|gatl_gateway|rs_3_5|shamir_3_5
pilot,0,43,iid_p30,27,L1|G1|E1|E2|L2,replication|native|rs_2_5_gateway_check|gatl_uniform_3_5|gatl_gateway|rs_3_5|shamir_3_5
pilot,0,43,iid_p40,27,L1|G1|E1|E2|L2,replication|native|rs_2_5_gateway_check|gatl_uniform_3_5|gatl_gateway|rs_3_5|shamir_3_5
pilot,0,43,iid_p45,27,L1|G1|E1|E2|L2,replication|native|rs_2_5_gateway_check|gatl_uniform_3_5|gatl_gateway|rs_3_5|shamir_3_5
pilot,0,44,iid_p35,9,E2|E1|L1|L2|G1,gatl_uniform_3_5|gatl_gateway|rs_3_5|shamir_3_5|replication|native|rs_2_5_gateway_check
pilot,0,44,iid_p00,31,E2|E1|L1|L2|G1,gatl_uniform_3_5|gatl_gateway|rs_3_5|shamir_3_5|replication|native|rs_2_5_gateway_check
pilot,0,44,iid_p30,9,E2|E1|L1|L2|G1,gatl_uniform_3_5|gatl_gateway|rs_3_5|shamir_3_5|replication|native|rs_2_5_gateway_check
pilot,0,44,iid_p60,1,E2|E1|L1|L2|G1,gatl_uniform_3_5|gatl_gateway|rs_3_5|shamir_3_5|replication|native|rs_2_5_gateway_check
pilot,0,44,shared_risk_matched_p20,11,E2|E1|L1|L2|G1,gatl_uniform_3_5|gatl_gateway|rs_3_5|shamir_3_5|replication|native|rs_2_5_gateway_check
pilot,0,44,iid_p20,11,E2|E1|L1|L2|G1,gatl_uniform_3_5|gatl_gateway|rs_3_5|shamir_3_5|replication|native|rs_2_5_gateway_check
pilot,0,44,iid_p05,31,E2|E1|L1|L2|G1,gatl_uniform_3_5|gatl_gateway|rs_3_5|shamir_3_5|replication|native|rs_2_5_gateway_check
pilot,0,44,iid_p40,9,E2|E1|L1|L2|G1,gatl_uniform_3_5|gatl_gateway|rs_3_5|shamir_3_5|replication|native|rs_2_5_gateway_check
pilot,0,44,heterogeneous_example,9,E2|E1|L1|L2|G1,gatl_uniform_3_5|gatl_gateway|rs_3_5|shamir_3_5|replication|native|rs_2_5_gateway_check
pilot,0,44,iid_p10,11,E2|E1|L1|L2|G1,gatl_uniform_3_5|gatl_gateway|rs_3_5|shamir_3_5|replication|native|rs_2_5_gateway_check
pilot,0,44,iid_p50,1,E2|E1|L1|L2|G1,gatl_uniform_3_5|gatl_gateway|rs_3_5|shamir_3_5|replication|native|rs_2_5_gateway_check
pilot,0,44,iid_p25,9,E2|E1|L1|L2|G1,gatl_uniform_3_5|gatl_gateway|rs_3_5|shamir_3_5|replication|native|rs_2_5_gateway_check
pilot,0,44,iid_p15,11,E2|E1|L1|L2|G1,gatl_uniform_3_5|gatl_gateway|rs_3_5|shamir_3_5|replication|native|rs_2_5_gateway_check
pilot,0,44,iid_p45,1,E2|E1|L1|L2|G1,gatl_uniform_3_5|gatl_gateway|rs_3_5|shamir_3_5|replication|native|rs_2_5_gateway_check
pilot,0,44,iid_p55,1,E2|E1|L1|L2|G1,gatl_uniform_3_5|gatl_gateway|rs_3_5|shamir_3_5|replication|native|rs_2_5_gateway_check
pilot,0,45,iid_p40,31,E2|G1|E1|L2|L1,shamir_3_5|replication|native|rs_2_5_gateway_check|gatl_uniform_3_5|gatl_gateway|rs_3_5
pilot,0,45,iid_p35,31,E2|G1|E1|L2|L1,shamir_3_5|replication|native|rs_2_5_gateway_check|gatl_uniform_3_5|gatl_gateway|rs_3_5
pilot,0,45,iid_p45,31,E2|G1|E1|L2|L1,shamir_3_5|replication|native|rs_2_5_gateway_check|gatl_uniform_3_5|gatl_gateway|rs_3_5
pilot,0,45,heterogeneous_example,31,E2|G1|E1|L2|L1,shamir_3_5|replication|native|rs_2_5_gateway_check|gatl_uniform_3_5|gatl_gateway|rs_3_5
pilot,0,45,shared_risk_matched_p20,31,E2|G1|E1|L2|L1,shamir_3_5|replication|native|rs_2_5_gateway_check|gatl_uniform_3_5|gatl_gateway|rs_3_5
pilot,0,45,iid_p25,31,E2|G1|E1|L2|L1,shamir_3_5|replication|native|rs_2_5_gateway_check|gatl_uniform_3_5|gatl_gateway|rs_3_5
pilot,0,45,iid_p05,31,E2|G1|E1|L2|L1,shamir_3_5|replication|native|rs_2_5_gateway_check|gatl_uniform_3_5|gatl_gateway|rs_3_5
pilot,0,45,iid_p30,31,E2|G1|E1|L2|L1,shamir_3_5|replication|native|rs_2_5_gateway_check|gatl_uniform_3_5|gatl_gateway|rs_3_5
pilot,0,45,iid_p60,29,E2|G1|E1|L2|L1,shamir_3_5|replication|native|rs_2_5_gateway_check|gatl_uniform_3_5|gatl_gateway|rs_3_5
pilot,0,45,iid_p20,31,E2|G1|E1|L2|L1,shamir_3_5|replication|native|rs_2_5_gateway_check|gatl_uniform_3_5|gatl_gateway|rs_3_5
pilot,0,45,iid_p10,31,E2|G1|E1|L2|L1,shamir_3_5|replication|native|rs_2_5_gateway_check|gatl_uniform_3_5|gatl_gateway|rs_3_5
pilot,0,45,iid_p55,29,E2|G1|E1|L2|L1,shamir_3_5|replication|native|rs_2_5_gateway_check|gatl_uniform_3_5|gatl_gateway|rs_3_5
pilot,0,45,iid_p50,31,E2|G1|E1|L2|L1,shamir_3_5|replication|native|rs_2_5_gateway_check|gatl_uniform_3_5|gatl_gateway|rs_3_5
pilot,0,45,iid_p00,31,E2|G1|E1|L2|L1,shamir_3_5|replication|native|rs_2_5_gateway_check|gatl_uniform_3_5|gatl_gateway|rs_3_5
pilot,0,45,iid_p15,31,E2|G1|E1|L2|L1,shamir_3_5|replication|native|rs_2_5_gateway_check|gatl_uniform_3_5|gatl_gateway|rs_3_5
pilot,0,46,iid_p60,17,L1|L2|G1|E1|E2,native|rs_2_5_gateway_check|gatl_uniform_3_5|gatl_gateway|rs_3_5|shamir_3_5|replication
pilot,0,46,iid_p15,29,L1|L2|G1|E1|E2,native|rs_2_5_gateway_check|gatl_uniform_3_5|gatl_gateway|rs_3_5|shamir_3_5|replication
pilot,0,46,shared_risk_matched_p20,31,L1|L2|G1|E1|E2,native|rs_2_5_gateway_check|gatl_uniform_3_5|gatl_gateway|rs_3_5|shamir_3_5|replication
pilot,0,46,iid_p30,17,L1|L2|G1|E1|E2,native|rs_2_5_gateway_check|gatl_uniform_3_5|gatl_gateway|rs_3_5|shamir_3_5|replication
pilot,0,46,iid_p40,17,L1|L2|G1|E1|E2,native|rs_2_5_gateway_check|gatl_uniform_3_5|gatl_gateway|rs_3_5|shamir_3_5|replication
pilot,0,46,iid_p05,31,L1|L2|G1|E1|E2,native|rs_2_5_gateway_check|gatl_uniform_3_5|gatl_gateway|rs_3_5|shamir_3_5|replication
pilot,0,46,iid_p35,17,L1|L2|G1|E1|E2,native|rs_2_5_gateway_check|gatl_uniform_3_5|gatl_gateway|rs_3_5|shamir_3_5|replication
pilot,0,46,iid_p45,17,L1|L2|G1|E1|E2,native|rs_2_5_gateway_check|gatl_uniform_3_5|gatl_gateway|rs_3_5|shamir_3_5|replication
pilot,0,46,iid_p50,17,L1|L2|G1|E1|E2,native|rs_2_5_gateway_check|gatl_uniform_3_5|gatl_gateway|rs_3_5|shamir_3_5|replication
pilot,0,46,iid_p00,31,L1|L2|G1|E1|E2,native|rs_2_5_gateway_check|gatl_uniform_3_5|gatl_gateway|rs_3_5|shamir_3_5|replication
pilot,0,46,iid_p10,31,L1|L2|G1|E1|E2,native|rs_2_5_gateway_check|gatl_uniform_3_5|gatl_gateway|rs_3_5|shamir_3_5|replication
pilot,0,46,iid_p25,25,L1|L2|G1|E1|E2,native|rs_2_5_gateway_check|gatl_uniform_3_5|gatl_gateway|rs_3_5|shamir_3_5|replication
pilot,0,46,iid_p20,29,L1|L2|G1|E1|E2,native|rs_2_5_gateway_check|gatl_uniform_3_5|gatl_gateway|rs_3_5|shamir_3_5|replication
pilot,0,46,iid_p55,17,L1|L2|G1|E1|E2,native|rs_2_5_gateway_check|gatl_uniform_3_5|gatl_gateway|rs_3_5|shamir_3_5|replication
pilot,0,46,heterogeneous_example,25,L1|L2|G1|E1|E2,native|rs_2_5_gateway_check|gatl_uniform_3_5|gatl_gateway|rs_3_5|shamir_3_5|replication
pilot,0,47,iid_p60,0,G1|L2|L1|E2|E1,rs_3_5|shamir_3_5|replication|native|rs_2_5_gateway_check|gatl_uniform_3_5|gatl_gateway
pilot,0,47,heterogeneous_example,27,G1|L2|L1|E2|E1,rs_3_5|shamir_3_5|replication|native|rs_2_5_gateway_check|gatl_uniform_3_5|gatl_gateway
pilot,0,47,iid_p50,0,G1|L2|L1|E2|E1,rs_3_5|shamir_3_5|replication|native|rs_2_5_gateway_check|gatl_uniform_3_5|gatl_gateway
pilot,0,47,iid_p10,31,G1|L2|L1|E2|E1,rs_3_5|shamir_3_5|replication|native|rs_2_5_gateway_check|gatl_uniform_3_5|gatl_gateway
pilot,0,47,iid_p05,31,G1|L2|L1|E2|E1,rs_3_5|shamir_3_5|replication|native|rs_2_5_gateway_check|gatl_uniform_3_5|gatl_gateway
pilot,0,47,iid_p25,19,G1|L2|L1|E2|E1,rs_3_5|shamir_3_5|replication|native|rs_2_5_gateway_check|gatl_uniform_3_5|gatl_gateway
pilot,0,47,iid_p35,1,G1|L2|L1|E2|E1,rs_3_5|shamir_3_5|replication|native|rs_2_5_gateway_check|gatl_uniform_3_5|gatl_gateway
pilot,0,47,iid_p45,0,G1|L2|L1|E2|E1,rs_3_5|shamir_3_5|replication|native|rs_2_5_gateway_check|gatl_uniform_3_5|gatl_gateway
pilot,0,47,iid_p15,31,G1|L2|L1|E2|E1,rs_3_5|shamir_3_5|replication|native|rs_2_5_gateway_check|gatl_uniform_3_5|gatl_gateway
pilot,0,47,shared_risk_matched_p20,31,G1|L2|L1|E2|E1,rs_3_5|shamir_3_5|replication|native|rs_2_5_gateway_check|gatl_uniform_3_5|gatl_gateway
pilot,0,47,iid_p30,1,G1|L2|L1|E2|E1,rs_3_5|shamir_3_5|replication|native|rs_2_5_gateway_check|gatl_uniform_3_5|gatl_gateway
pilot,0,47,iid_p40,0,G1|L2|L1|E2|E1,rs_3_5|shamir_3_5|replication|native|rs_2_5_gateway_check|gatl_uniform_3_5|gatl_gateway
pilot,0,47,iid_p00,31,G1|L2|L1|E2|E1,rs_3_5|shamir_3_5|replication|native|rs_2_5_gateway_check|gatl_uniform_3_5|gatl_gateway
pilot,0,47,iid_p20,27,G1|L2|L1|E2|E1,rs_3_5|shamir_3_5|replication|native|rs_2_5_gateway_check|gatl_uniform_3_5|gatl_gateway
pilot,0,47,iid_p55,0,G1|L2|L1|E2|E1,rs_3_5|shamir_3_5|replication|native|rs_2_5_gateway_check|gatl_uniform_3_5|gatl_gateway
pilot,0,48,iid_p10,15,L1|E2|G1|E1|L2,rs_2_5_gateway_check|gatl_uniform_3_5|gatl_gateway|rs_3_5|shamir_3_5|replication|native
pilot,0,48,iid_p00,31,L1|E2|G1|E1|L2,rs_2_5_gateway_check|gatl_uniform_3_5|gatl_gateway|rs_3_5|shamir_3_5|replication|native
pilot,0,48,iid_p60,1,L1|E2|G1|E1|L2,rs_2_5_gateway_check|gatl_uniform_3_5|gatl_gateway|rs_3_5|shamir_3_5|replication|native
pilot,0,48,iid_p35,11,L1|E2|G1|E1|L2,rs_2_5_gateway_check|gatl_uniform_3_5|gatl_gateway|rs_3_5|shamir_3_5|replication|native
pilot,0,48,iid_p40,9,L1|E2|G1|E1|L2,rs_2_5_gateway_check|gatl_uniform_3_5|gatl_gateway|rs_3_5|shamir_3_5|replication|native
pilot,0,48,iid_p30,11,L1|E2|G1|E1|L2,rs_2_5_gateway_check|gatl_uniform_3_5|gatl_gateway|rs_3_5|shamir_3_5|replication|native
pilot,0,48,shared_risk_matched_p20,15,L1|E2|G1|E1|L2,rs_2_5_gateway_check|gatl_uniform_3_5|gatl_gateway|rs_3_5|shamir_3_5|replication|native
pilot,0,48,heterogeneous_example,11,L1|E2|G1|E1|L2,rs_2_5_gateway_check|gatl_uniform_3_5|gatl_gateway|rs_3_5|shamir_3_5|replication|native
pilot,0,48,iid_p05,15,L1|E2|G1|E1|L2,rs_2_5_gateway_check|gatl_uniform_3_5|gatl_gateway|rs_3_5|shamir_3_5|replication|native
pilot,0,48,iid_p20,11,L1|E2|G1|E1|L2,rs_2_5_gateway_check|gatl_uniform_3_5|gatl_gateway|rs_3_5|shamir_3_5|replication|native
pilot,0,48,iid_p15,15,L1|E2|G1|E1|L2,rs_2_5_gateway_check|gatl_uniform_3_5|gatl_gateway|rs_3_5|shamir_3_5|replication|native
pilot,0,48,iid_p50,1,L1|E2|G1|E1|L2,rs_2_5_gateway_check|gatl_uniform_3_5|gatl_gateway|rs_3_5|shamir_3_5|replication|native
pilot,0,48,iid_p25,11,L1|E2|G1|E1|L2,rs_2_5_gateway_check|gatl_uniform_3_5|gatl_gateway|rs_3_5|shamir_3_5|replication|native
pilot,0,48,iid_p55,1,L1|E2|G1|E1|L2,rs_2_5_gateway_check|gatl_uniform_3_5|gatl_gateway|rs_3_5|shamir_3_5|replication|native
pilot,0,48,iid_p45,9,L1|E2|G1|E1|L2,rs_2_5_gateway_check|gatl_uniform_3_5|gatl_gateway|rs_3_5|shamir_3_5|replication|native
pilot,0,49,iid_p00,31,E2|E1|L2|G1|L1,rs_2_5_gateway_check|gatl_uniform_3_5|rs_3_5|gatl_gateway|replication|shamir_3_5|native
pilot,0,49,iid_p05,31,E2|E1|L2|G1|L1,rs_2_5_gateway_check|gatl_uniform_3_5|rs_3_5|gatl_gateway|replication|shamir_3_5|native
pilot,0,49,heterogeneous_example,23,E2|E1|L2|G1|L1,rs_2_5_gateway_check|gatl_uniform_3_5|rs_3_5|gatl_gateway|replication|shamir_3_5|native
pilot,0,49,iid_p45,23,E2|E1|L2|G1|L1,rs_2_5_gateway_check|gatl_uniform_3_5|rs_3_5|gatl_gateway|replication|shamir_3_5|native
pilot,0,49,shared_risk_matched_p20,23,E2|E1|L2|G1|L1,rs_2_5_gateway_check|gatl_uniform_3_5|rs_3_5|gatl_gateway|replication|shamir_3_5|native
pilot,0,49,iid_p55,7,E2|E1|L2|G1|L1,rs_2_5_gateway_check|gatl_uniform_3_5|rs_3_5|gatl_gateway|replication|shamir_3_5|native
pilot,0,49,iid_p50,23,E2|E1|L2|G1|L1,rs_2_5_gateway_check|gatl_uniform_3_5|rs_3_5|gatl_gateway|replication|shamir_3_5|native
pilot,0,49,iid_p20,23,E2|E1|L2|G1|L1,rs_2_5_gateway_check|gatl_uniform_3_5|rs_3_5|gatl_gateway|replication|shamir_3_5|native
pilot,0,49,iid_p40,23,E2|E1|L2|G1|L1,rs_2_5_gateway_check|gatl_uniform_3_5|rs_3_5|gatl_gateway|replication|shamir_3_5|native
pilot,0,49,iid_p25,23,E2|E1|L2|G1|L1,rs_2_5_gateway_check|gatl_uniform_3_5|rs_3_5|gatl_gateway|replication|shamir_3_5|native
pilot,0,49,iid_p30,23,E2|E1|L2|G1|L1,rs_2_5_gateway_check|gatl_uniform_3_5|rs_3_5|gatl_gateway|replication|shamir_3_5|native
pilot,0,49,iid_p15,23,E2|E1|L2|G1|L1,rs_2_5_gateway_check|gatl_uniform_3_5|rs_3_5|gatl_gateway|replication|shamir_3_5|native
pilot,0,49,iid_p10,23,E2|E1|L2|G1|L1,rs_2_5_gateway_check|gatl_uniform_3_5|rs_3_5|gatl_gateway|replication|shamir_3_5|native
pilot,0,49,iid_p60,7,E2|E1|L2|G1|L1,rs_2_5_gateway_check|gatl_uniform_3_5|rs_3_5|gatl_gateway|replication|shamir_3_5|native
pilot,0,49,iid_p35,23,E2|E1|L2|G1|L1,rs_2_5_gateway_check|gatl_uniform_3_5|rs_3_5|gatl_gateway|replication|shamir_3_5|native
pilot,0,50,shared_risk_matched_p20,31,L2|G1|E2|L1|E1,gatl_uniform_3_5|rs_3_5|gatl_gateway|replication|shamir_3_5|native|rs_2_5_gateway_check
pilot,0,50,iid_p55,18,L2|G1|E2|L1|E1,gatl_uniform_3_5|rs_3_5|gatl_gateway|replication|shamir_3_5|native|rs_2_5_gateway_check
pilot,0,50,iid_p15,30,L2|G1|E2|L1|E1,gatl_uniform_3_5|rs_3_5|gatl_gateway|replication|shamir_3_5|native|rs_2_5_gateway_check
pilot,0,50,iid_p60,2,L2|G1|E2|L1|E1,gatl_uniform_3_5|rs_3_5|gatl_gateway|replication|shamir_3_5|native|rs_2_5_gateway_check
pilot,0,50,iid_p25,30,L2|G1|E2|L1|E1,gatl_uniform_3_5|rs_3_5|gatl_gateway|replication|shamir_3_5|native|rs_2_5_gateway_check
pilot,0,50,heterogeneous_example,27,L2|G1|E2|L1|E1,gatl_uniform_3_5|rs_3_5|gatl_gateway|replication|shamir_3_5|native|rs_2_5_gateway_check
pilot,0,50,iid_p20,30,L2|G1|E2|L1|E1,gatl_uniform_3_5|rs_3_5|gatl_gateway|replication|shamir_3_5|native|rs_2_5_gateway_check
pilot,0,50,iid_p35,18,L2|G1|E2|L1|E1,gatl_uniform_3_5|rs_3_5|gatl_gateway|replication|shamir_3_5|native|rs_2_5_gateway_check
pilot,0,50,iid_p30,30,L2|G1|E2|L1|E1,gatl_uniform_3_5|rs_3_5|gatl_gateway|replication|shamir_3_5|native|rs_2_5_gateway_check
pilot,0,50,iid_p00,31,L2|G1|E2|L1|E1,gatl_uniform_3_5|rs_3_5|gatl_gateway|replication|shamir_3_5|native|rs_2_5_gateway_check
pilot,0,50,iid_p45,18,L2|G1|E2|L1|E1,gatl_uniform_3_5|rs_3_5|gatl_gateway|replication|shamir_3_5|native|rs_2_5_gateway_check
pilot,0,50,iid_p05,31,L2|G1|E2|L1|E1,gatl_uniform_3_5|rs_3_5|gatl_gateway|replication|shamir_3_5|native|rs_2_5_gateway_check
pilot,0,50,iid_p50,18,L2|G1|E2|L1|E1,gatl_uniform_3_5|rs_3_5|gatl_gateway|replication|shamir_3_5|native|rs_2_5_gateway_check
pilot,0,50,iid_p10,31,L2|G1|E2|L1|E1,gatl_uniform_3_5|rs_3_5|gatl_gateway|replication|shamir_3_5|native|rs_2_5_gateway_check
pilot,0,50,iid_p40,18,L2|G1|E2|L1|E1,gatl_uniform_3_5|rs_3_5|gatl_gateway|replication|shamir_3_5|native|rs_2_5_gateway_check
pilot,0,51,iid_p35,31,E1|L2|E2|G1|L1,shamir_3_5|native|rs_2_5_gateway_check|gatl_uniform_3_5|rs_3_5|gatl_gateway|replication
pilot,0,51,iid_p05,31,E1|L2|E2|G1|L1,shamir_3_5|native|rs_2_5_gateway_check|gatl_uniform_3_5|rs_3_5|gatl_gateway|replication
pilot,0,51,iid_p45,13,E1|L2|E2|G1|L1,shamir_3_5|native|rs_2_5_gateway_check|gatl_uniform_3_5|rs_3_5|gatl_gateway|replication
pilot,0,51,iid_p40,15,E1|L2|E2|G1|L1,shamir_3_5|native|rs_2_5_gateway_check|gatl_uniform_3_5|rs_3_5|gatl_gateway|replication
pilot,0,51,iid_p60,12,E1|L2|E2|G1|L1,shamir_3_5|native|rs_2_5_gateway_check|gatl_uniform_3_5|rs_3_5|gatl_gateway|replication
pilot,0,51,iid_p50,13,E1|L2|E2|G1|L1,shamir_3_5|native|rs_2_5_gateway_check|gatl_uniform_3_5|rs_3_5|gatl_gateway|replication
pilot,0,51,iid_p25,31,E1|L2|E2|G1|L1,shamir_3_5|native|rs_2_5_gateway_check|gatl_uniform_3_5|rs_3_5|gatl_gateway|replication
pilot,0,51,iid_p30,31,E1|L2|E2|G1|L1,shamir_3_5|native|rs_2_5_gateway_check|gatl_uniform_3_5|rs_3_5|gatl_gateway|replication
pilot,0,51,iid_p15,31,E1|L2|E2|G1|L1,shamir_3_5|native|rs_2_5_gateway_check|gatl_uniform_3_5|rs_3_5|gatl_gateway|replication
pilot,0,51,iid_p10,31,E1|L2|E2|G1|L1,shamir_3_5|native|rs_2_5_gateway_check|gatl_uniform_3_5|rs_3_5|gatl_gateway|replication
pilot,0,51,heterogeneous_example,31,E1|L2|E2|G1|L1,shamir_3_5|native|rs_2_5_gateway_check|gatl_uniform_3_5|rs_3_5|gatl_gateway|replication
pilot,0,51,iid_p00,31,E1|L2|E2|G1|L1,shamir_3_5|native|rs_2_5_gateway_check|gatl_uniform_3_5|rs_3_5|gatl_gateway|replication
pilot,0,51,iid_p20,31,E1|L2|E2|G1|L1,shamir_3_5|native|rs_2_5_gateway_check|gatl_uniform_3_5|rs_3_5|gatl_gateway|replication
pilot,0,51,shared_risk_matched_p20,31,E1|L2|E2|G1|L1,shamir_3_5|native|rs_2_5_gateway_check|gatl_uniform_3_5|rs_3_5|gatl_gateway|replication
pilot,0,51,iid_p55,13,E1|L2|E2|G1|L1,shamir_3_5|native|rs_2_5_gateway_check|gatl_uniform_3_5|rs_3_5|gatl_gateway|replication
pilot,0,52,iid_p50,12,G1|E1|L2|L1|E2,native|rs_2_5_gateway_check|gatl_uniform_3_5|rs_3_5|gatl_gateway|replication|shamir_3_5
pilot,0,52,iid_p05,31,G1|E1|L2|L1|E2,native|rs_2_5_gateway_check|gatl_uniform_3_5|rs_3_5|gatl_gateway|replication|shamir_3_5
pilot,0,52,iid_p55,12,G1|E1|L2|L1|E2,native|rs_2_5_gateway_check|gatl_uniform_3_5|rs_3_5|gatl_gateway|replication|shamir_3_5
pilot,0,52,iid_p35,29,G1|E1|L2|L1|E2,native|rs_2_5_gateway_check|gatl_uniform_3_5|rs_3_5|gatl_gateway|replication|shamir_3_5
pilot,0,52,iid_p10,29,G1|E1|L2|L1|E2,native|rs_2_5_gateway_check|gatl_uniform_3_5|rs_3_5|gatl_gateway|replication|shamir_3_5
pilot,0,52,iid_p45,12,G1|E1|L2|L1|E2,native|rs_2_5_gateway_check|gatl_uniform_3_5|rs_3_5|gatl_gateway|replication|shamir_3_5
pilot,0,52,iid_p25,29,G1|E1|L2|L1|E2,native|rs_2_5_gateway_check|gatl_uniform_3_5|rs_3_5|gatl_gateway|replication|shamir_3_5
pilot,0,52,iid_p40,13,G1|E1|L2|L1|E2,native|rs_2_5_gateway_check|gatl_uniform_3_5|rs_3_5|gatl_gateway|replication|shamir_3_5
pilot,0,52,heterogeneous_example,29,G1|E1|L2|L1|E2,native|rs_2_5_gateway_check|gatl_uniform_3_5|rs_3_5|gatl_gateway|replication|shamir_3_5
pilot,0,52,iid_p15,29,G1|E1|L2|L1|E2,native|rs_2_5_gateway_check|gatl_uniform_3_5|rs_3_5|gatl_gateway|replication|shamir_3_5
pilot,0,52,iid_p00,31,G1|E1|L2|L1|E2,native|rs_2_5_gateway_check|gatl_uniform_3_5|rs_3_5|gatl_gateway|replication|shamir_3_5
pilot,0,52,iid_p20,29,G1|E1|L2|L1|E2,native|rs_2_5_gateway_check|gatl_uniform_3_5|rs_3_5|gatl_gateway|replication|shamir_3_5
pilot,0,52,iid_p30,29,G1|E1|L2|L1|E2,native|rs_2_5_gateway_check|gatl_uniform_3_5|rs_3_5|gatl_gateway|replication|shamir_3_5
pilot,0,52,shared_risk_matched_p20,29,G1|E1|L2|L1|E2,native|rs_2_5_gateway_check|gatl_uniform_3_5|rs_3_5|gatl_gateway|replication|shamir_3_5
pilot,0,52,iid_p60,12,G1|E1|L2|L1|E2,native|rs_2_5_gateway_check|gatl_uniform_3_5|rs_3_5|gatl_gateway|replication|shamir_3_5
pilot,0,53,iid_p35,3,E1|G1|E2|L2|L1,rs_3_5|gatl_gateway|replication|shamir_3_5|native|rs_2_5_gateway_check|gatl_uniform_3_5
pilot,0,53,iid_p15,11,E1|G1|E2|L2|L1,rs_3_5|gatl_gateway|replication|shamir_3_5|native|rs_2_5_gateway_check|gatl_uniform_3_5
pilot,0,53,iid_p10,11,E1|G1|E2|L2|L1,rs_3_5|gatl_gateway|replication|shamir_3_5|native|rs_2_5_gateway_check|gatl_uniform_3_5
pilot,0,53,iid_p05,31,E1|G1|E2|L2|L1,rs_3_5|gatl_gateway|replication|shamir_3_5|native|rs_2_5_gateway_check|gatl_uniform_3_5
pilot,0,53,iid_p50,3,E1|G1|E2|L2|L1,rs_3_5|gatl_gateway|replication|shamir_3_5|native|rs_2_5_gateway_check|gatl_uniform_3_5
pilot,0,53,iid_p55,3,E1|G1|E2|L2|L1,rs_3_5|gatl_gateway|replication|shamir_3_5|native|rs_2_5_gateway_check|gatl_uniform_3_5
pilot,0,53,iid_p20,3,E1|G1|E2|L2|L1,rs_3_5|gatl_gateway|replication|shamir_3_5|native|rs_2_5_gateway_check|gatl_uniform_3_5
pilot,0,53,iid_p45,3,E1|G1|E2|L2|L1,rs_3_5|gatl_gateway|replication|shamir_3_5|native|rs_2_5_gateway_check|gatl_uniform_3_5
pilot,0,53,iid_p40,3,E1|G1|E2|L2|L1,rs_3_5|gatl_gateway|replication|shamir_3_5|native|rs_2_5_gateway_check|gatl_uniform_3_5
pilot,0,53,iid_p60,3,E1|G1|E2|L2|L1,rs_3_5|gatl_gateway|replication|shamir_3_5|native|rs_2_5_gateway_check|gatl_uniform_3_5
pilot,0,53,iid_p25,3,E1|G1|E2|L2|L1,rs_3_5|gatl_gateway|replication|shamir_3_5|native|rs_2_5_gateway_check|gatl_uniform_3_5
pilot,0,53,iid_p30,3,E1|G1|E2|L2|L1,rs_3_5|gatl_gateway|replication|shamir_3_5|native|rs_2_5_gateway_check|gatl_uniform_3_5
pilot,0,53,heterogeneous_example,11,E1|G1|E2|L2|L1,rs_3_5|gatl_gateway|replication|shamir_3_5|native|rs_2_5_gateway_check|gatl_uniform_3_5
pilot,0,53,iid_p00,31,E1|G1|E2|L2|L1,rs_3_5|gatl_gateway|replication|shamir_3_5|native|rs_2_5_gateway_check|gatl_uniform_3_5
pilot,0,53,shared_risk_matched_p20,11,E1|G1|E2|L2|L1,rs_3_5|gatl_gateway|replication|shamir_3_5|native|rs_2_5_gateway_check|gatl_uniform_3_5
pilot,0,54,iid_p00,31,G1|E1|E2|L1|L2,replication|shamir_3_5|native|rs_2_5_gateway_check|gatl_uniform_3_5|rs_3_5|gatl_gateway
pilot,0,54,iid_p25,31,G1|E1|E2|L1|L2,replication|shamir_3_5|native|rs_2_5_gateway_check|gatl_uniform_3_5|rs_3_5|gatl_gateway
pilot,0,54,iid_p05,31,G1|E1|E2|L1|L2,replication|shamir_3_5|native|rs_2_5_gateway_check|gatl_uniform_3_5|rs_3_5|gatl_gateway
pilot,0,54,iid_p50,25,G1|E1|E2|L1|L2,replication|shamir_3_5|native|rs_2_5_gateway_check|gatl_uniform_3_5|rs_3_5|gatl_gateway
pilot,0,54,iid_p60,24,G1|E1|E2|L1|L2,replication|shamir_3_5|native|rs_2_5_gateway_check|gatl_uniform_3_5|rs_3_5|gatl_gateway
pilot,0,54,iid_p45,27,G1|E1|E2|L1|L2,replication|shamir_3_5|native|rs_2_5_gateway_check|gatl_uniform_3_5|rs_3_5|gatl_gateway
pilot,0,54,iid_p15,31,G1|E1|E2|L1|L2,replication|shamir_3_5|native|rs_2_5_gateway_check|gatl_uniform_3_5|rs_3_5|gatl_gateway
pilot,0,54,heterogeneous_example,31,G1|E1|E2|L1|L2,replication|shamir_3_5|native|rs_2_5_gateway_check|gatl_uniform_3_5|rs_3_5|gatl_gateway
pilot,0,54,iid_p10,31,G1|E1|E2|L1|L2,replication|shamir_3_5|native|rs_2_5_gateway_check|gatl_uniform_3_5|rs_3_5|gatl_gateway
pilot,0,54,iid_p40,31,G1|E1|E2|L1|L2,replication|shamir_3_5|native|rs_2_5_gateway_check|gatl_uniform_3_5|rs_3_5|gatl_gateway
pilot,0,54,iid_p20,31,G1|E1|E2|L1|L2,replication|shamir_3_5|native|rs_2_5_gateway_check|gatl_uniform_3_5|rs_3_5|gatl_gateway
pilot,0,54,shared_risk_matched_p20,31,G1|E1|E2|L1|L2,replication|shamir_3_5|native|rs_2_5_gateway_check|gatl_uniform_3_5|rs_3_5|gatl_gateway
pilot,0,54,iid_p30,31,G1|E1|E2|L1|L2,replication|shamir_3_5|native|rs_2_5_gateway_check|gatl_uniform_3_5|rs_3_5|gatl_gateway
pilot,0,54,iid_p55,24,G1|E1|E2|L1|L2,replication|shamir_3_5|native|rs_2_5_gateway_check|gatl_uniform_3_5|rs_3_5|gatl_gateway
pilot,0,54,iid_p35,31,G1|E1|E2|L1|L2,replication|shamir_3_5|native|rs_2_5_gateway_check|gatl_uniform_3_5|rs_3_5|gatl_gateway
pilot,0,55,shared_risk_matched_p20,31,L2|E2|E1|G1|L1,gatl_gateway|replication|shamir_3_5|native|rs_2_5_gateway_check|gatl_uniform_3_5|rs_3_5
pilot,0,55,iid_p60,14,L2|E2|E1|G1|L1,gatl_gateway|replication|shamir_3_5|native|rs_2_5_gateway_check|gatl_uniform_3_5|rs_3_5
pilot,0,55,iid_p55,14,L2|E2|E1|G1|L1,gatl_gateway|replication|shamir_3_5|native|rs_2_5_gateway_check|gatl_uniform_3_5|rs_3_5
pilot,0,55,iid_p35,15,L2|E2|E1|G1|L1,gatl_gateway|replication|shamir_3_5|native|rs_2_5_gateway_check|gatl_uniform_3_5|rs_3_5
pilot,0,55,iid_p20,31,L2|E2|E1|G1|L1,gatl_gateway|replication|shamir_3_5|native|rs_2_5_gateway_check|gatl_uniform_3_5|rs_3_5
pilot,0,55,heterogeneous_example,31,L2|E2|E1|G1|L1,gatl_gateway|replication|shamir_3_5|native|rs_2_5_gateway_check|gatl_uniform_3_5|rs_3_5
pilot,0,55,iid_p30,31,L2|E2|E1|G1|L1,gatl_gateway|replication|shamir_3_5|native|rs_2_5_gateway_check|gatl_uniform_3_5|rs_3_5
pilot,0,55,iid_p10,31,L2|E2|E1|G1|L1,gatl_gateway|replication|shamir_3_5|native|rs_2_5_gateway_check|gatl_uniform_3_5|rs_3_5
pilot,0,55,iid_p00,31,L2|E2|E1|G1|L1,gatl_gateway|replication|shamir_3_5|native|rs_2_5_gateway_check|gatl_uniform_3_5|rs_3_5
pilot,0,55,iid_p45,15,L2|E2|E1|G1|L1,gatl_gateway|replication|shamir_3_5|native|rs_2_5_gateway_check|gatl_uniform_3_5|rs_3_5
pilot,0,55,iid_p25,31,L2|E2|E1|G1|L1,gatl_gateway|replication|shamir_3_5|native|rs_2_5_gateway_check|gatl_uniform_3_5|rs_3_5
pilot,0,55,iid_p40,15,L2|E2|E1|G1|L1,gatl_gateway|replication|shamir_3_5|native|rs_2_5_gateway_check|gatl_uniform_3_5|rs_3_5
pilot,0,55,iid_p50,14,L2|E2|E1|G1|L1,gatl_gateway|replication|shamir_3_5|native|rs_2_5_gateway_check|gatl_uniform_3_5|rs_3_5
pilot,0,55,iid_p05,31,L2|E2|E1|G1|L1,gatl_gateway|replication|shamir_3_5|native|rs_2_5_gateway_check|gatl_uniform_3_5|rs_3_5
pilot,0,55,iid_p15,31,L2|E2|E1|G1|L1,gatl_gateway|replication|shamir_3_5|native|rs_2_5_gateway_check|gatl_uniform_3_5|rs_3_5
pilot,0,56,iid_p40,3,G1|L2|E2|E1|L1,replication|gatl_uniform_3_5|native|rs_2_5_gateway_check|rs_3_5|gatl_gateway|shamir_3_5
pilot,0,56,iid_p25,19,G1|L2|E2|E1|L1,replication|gatl_uniform_3_5|native|rs_2_5_gateway_check|rs_3_5|gatl_gateway|shamir_3_5
pilot,0,56,iid_p15,27,G1|L2|E2|E1|L1,replication|gatl_uniform_3_5|native|rs_2_5_gateway_check|rs_3_5|gatl_gateway|shamir_3_5
pilot,0,56,iid_p50,3,G1|L2|E2|E1|L1,replication|gatl_uniform_3_5|native|rs_2_5_gateway_check|rs_3_5|gatl_gateway|shamir_3_5
pilot,0,56,iid_p10,31,G1|L2|E2|E1|L1,replication|gatl_uniform_3_5|native|rs_2_5_gateway_check|rs_3_5|gatl_gateway|shamir_3_5
pilot,0,56,iid_p30,19,G1|L2|E2|E1|L1,replication|gatl_uniform_3_5|native|rs_2_5_gateway_check|rs_3_5|gatl_gateway|shamir_3_5
pilot,0,56,iid_p35,19,G1|L2|E2|E1|L1,replication|gatl_uniform_3_5|native|rs_2_5_gateway_check|rs_3_5|gatl_gateway|shamir_3_5
pilot,0,56,iid_p60,3,G1|L2|E2|E1|L1,replication|gatl_uniform_3_5|native|rs_2_5_gateway_check|rs_3_5|gatl_gateway|shamir_3_5
pilot,0,56,iid_p45,3,G1|L2|E2|E1|L1,replication|gatl_uniform_3_5|native|rs_2_5_gateway_check|rs_3_5|gatl_gateway|shamir_3_5
pilot,0,56,shared_risk_matched_p20,31,G1|L2|E2|E1|L1,replication|gatl_uniform_3_5|native|rs_2_5_gateway_check|rs_3_5|gatl_gateway|shamir_3_5
pilot,0,56,heterogeneous_example,27,G1|L2|E2|E1|L1,replication|gatl_uniform_3_5|native|rs_2_5_gateway_check|rs_3_5|gatl_gateway|shamir_3_5
pilot,0,56,iid_p00,31,G1|L2|E2|E1|L1,replication|gatl_uniform_3_5|native|rs_2_5_gateway_check|rs_3_5|gatl_gateway|shamir_3_5
pilot,0,56,iid_p20,19,G1|L2|E2|E1|L1,replication|gatl_uniform_3_5|native|rs_2_5_gateway_check|rs_3_5|gatl_gateway|shamir_3_5
pilot,0,56,iid_p55,3,G1|L2|E2|E1|L1,replication|gatl_uniform_3_5|native|rs_2_5_gateway_check|rs_3_5|gatl_gateway|shamir_3_5
pilot,0,56,iid_p05,31,G1|L2|E2|E1|L1,replication|gatl_uniform_3_5|native|rs_2_5_gateway_check|rs_3_5|gatl_gateway|shamir_3_5
pilot,0,57,iid_p50,23,L1|E1|L2|E2|G1,shamir_3_5|replication|gatl_uniform_3_5|native|rs_2_5_gateway_check|rs_3_5|gatl_gateway
pilot,0,57,iid_p55,23,L1|E1|L2|E2|G1,shamir_3_5|replication|gatl_uniform_3_5|native|rs_2_5_gateway_check|rs_3_5|gatl_gateway
pilot,0,57,iid_p20,23,L1|E1|L2|E2|G1,shamir_3_5|replication|gatl_uniform_3_5|native|rs_2_5_gateway_check|rs_3_5|gatl_gateway
pilot,0,57,iid_p05,23,L1|E1|L2|E2|G1,shamir_3_5|replication|gatl_uniform_3_5|native|rs_2_5_gateway_check|rs_3_5|gatl_gateway
pilot,0,57,iid_p10,23,L1|E1|L2|E2|G1,shamir_3_5|replication|gatl_uniform_3_5|native|rs_2_5_gateway_check|rs_3_5|gatl_gateway
pilot,0,57,shared_risk_matched_p20,23,L1|E1|L2|E2|G1,shamir_3_5|replication|gatl_uniform_3_5|native|rs_2_5_gateway_check|rs_3_5|gatl_gateway
pilot,0,57,iid_p45,23,L1|E1|L2|E2|G1,shamir_3_5|replication|gatl_uniform_3_5|native|rs_2_5_gateway_check|rs_3_5|gatl_gateway
pilot,0,57,iid_p25,23,L1|E1|L2|E2|G1,shamir_3_5|replication|gatl_uniform_3_5|native|rs_2_5_gateway_check|rs_3_5|gatl_gateway
pilot,0,57,iid_p00,31,L1|E1|L2|E2|G1,shamir_3_5|replication|gatl_uniform_3_5|native|rs_2_5_gateway_check|rs_3_5|gatl_gateway
pilot,0,57,iid_p40,23,L1|E1|L2|E2|G1,shamir_3_5|replication|gatl_uniform_3_5|native|rs_2_5_gateway_check|rs_3_5|gatl_gateway
pilot,0,57,heterogeneous_example,23,L1|E1|L2|E2|G1,shamir_3_5|replication|gatl_uniform_3_5|native|rs_2_5_gateway_check|rs_3_5|gatl_gateway
pilot,0,57,iid_p15,23,L1|E1|L2|E2|G1,shamir_3_5|replication|gatl_uniform_3_5|native|rs_2_5_gateway_check|rs_3_5|gatl_gateway
pilot,0,57,iid_p30,23,L1|E1|L2|E2|G1,shamir_3_5|replication|gatl_uniform_3_5|native|rs_2_5_gateway_check|rs_3_5|gatl_gateway
pilot,0,57,iid_p35,23,L1|E1|L2|E2|G1,shamir_3_5|replication|gatl_uniform_3_5|native|rs_2_5_gateway_check|rs_3_5|gatl_gateway
pilot,0,57,iid_p60,19,L1|E1|L2|E2|G1,shamir_3_5|replication|gatl_uniform_3_5|native|rs_2_5_gateway_check|rs_3_5|gatl_gateway
pilot,0,58,iid_p25,30,G1|E1|E2|L1|L2,rs_2_5_gateway_check|rs_3_5|gatl_gateway|shamir_3_5|replication|gatl_uniform_3_5|native
pilot,0,58,iid_p15,30,G1|E1|E2|L1|L2,rs_2_5_gateway_check|rs_3_5|gatl_gateway|shamir_3_5|replication|gatl_uniform_3_5|native
pilot,0,58,heterogeneous_example,30,G1|E1|E2|L1|L2,rs_2_5_gateway_check|rs_3_5|gatl_gateway|shamir_3_5|replication|gatl_uniform_3_5|native
pilot,0,58,iid_p35,22,G1|E1|E2|L1|L2,rs_2_5_gateway_check|rs_3_5|gatl_gateway|shamir_3_5|replication|gatl_uniform_3_5|native
pilot,0,58,iid_p00,31,G1|E1|E2|L1|L2,rs_2_5_gateway_check|rs_3_5|gatl_gateway|shamir_3_5|replication|gatl_uniform_3_5|native
pilot,0,58,iid_p10,30,G1|E1|E2|L1|L2,rs_2_5_gateway_check|rs_3_5|gatl_gateway|shamir_3_5|replication|gatl_uniform_3_5|native
pilot,0,58,iid_p30,30,G1|E1|E2|L1|L2,rs_2_5_gateway_check|rs_3_5|gatl_gateway|shamir_3_5|replication|gatl_uniform_3_5|native
pilot,0,58,iid_p40,20,G1|E1|E2|L1|L2,rs_2_5_gateway_check|rs_3_5|gatl_gateway|shamir_3_5|replication|gatl_uniform_3_5|native
pilot,0,58,iid_p45,20,G1|E1|E2|L1|L2,rs_2_5_gateway_check|rs_3_5|gatl_gateway|shamir_3_5|replication|gatl_uniform_3_5|native
pilot,0,58,iid_p20,30,G1|E1|E2|L1|L2,rs_2_5_gateway_check|rs_3_5|gatl_gateway|shamir_3_5|replication|gatl_uniform_3_5|native
pilot,0,58,iid_p55,16,G1|E1|E2|L1|L2,rs_2_5_gateway_check|rs_3_5|gatl_gateway|shamir_3_5|replication|gatl_uniform_3_5|native
pilot,0,58,iid_p60,16,G1|E1|E2|L1|L2,rs_2_5_gateway_check|rs_3_5|gatl_gateway|shamir_3_5|replication|gatl_uniform_3_5|native
pilot,0,58,shared_risk_matched_p20,30,G1|E1|E2|L1|L2,rs_2_5_gateway_check|rs_3_5|gatl_gateway|shamir_3_5|replication|gatl_uniform_3_5|native
pilot,0,58,iid_p05,30,G1|E1|E2|L1|L2,rs_2_5_gateway_check|rs_3_5|gatl_gateway|shamir_3_5|replication|gatl_uniform_3_5|native
pilot,0,58,iid_p50,20,G1|E1|E2|L1|L2,rs_2_5_gateway_check|rs_3_5|gatl_gateway|shamir_3_5|replication|gatl_uniform_3_5|native
pilot,0,59,iid_p60,0,E1|G1|L2|E2|L1,gatl_uniform_3_5|native|rs_2_5_gateway_check|rs_3_5|gatl_gateway|shamir_3_5|replication
pilot,0,59,iid_p45,16,E1|G1|L2|E2|L1,gatl_uniform_3_5|native|rs_2_5_gateway_check|rs_3_5|gatl_gateway|shamir_3_5|replication
pilot,0,59,iid_p15,22,E1|G1|L2|E2|L1,gatl_uniform_3_5|native|rs_2_5_gateway_check|rs_3_5|gatl_gateway|shamir_3_5|replication
pilot,0,59,iid_p25,20,E1|G1|L2|E2|L1,gatl_uniform_3_5|native|rs_2_5_gateway_check|rs_3_5|gatl_gateway|shamir_3_5|replication
pilot,0,59,iid_p10,31,E1|G1|L2|E2|L1,gatl_uniform_3_5|native|rs_2_5_gateway_check|rs_3_5|gatl_gateway|shamir_3_5|replication
pilot,0,59,shared_risk_matched_p20,7,E1|G1|L2|E2|L1,gatl_uniform_3_5|native|rs_2_5_gateway_check|rs_3_5|gatl_gateway|shamir_3_5|replication
pilot,0,59,iid_p40,16,E1|G1|L2|E2|L1,gatl_uniform_3_5|native|rs_2_5_gateway_check|rs_3_5|gatl_gateway|shamir_3_5|replication
pilot,0,59,iid_p35,20,E1|G1|L2|E2|L1,gatl_uniform_3_5|native|rs_2_5_gateway_check|rs_3_5|gatl_gateway|shamir_3_5|replication
pilot,0,59,iid_p05,31,E1|G1|L2|E2|L1,gatl_uniform_3_5|native|rs_2_5_gateway_check|rs_3_5|gatl_gateway|shamir_3_5|replication
pilot,0,59,iid_p20,20,E1|G1|L2|E2|L1,gatl_uniform_3_5|native|rs_2_5_gateway_check|rs_3_5|gatl_gateway|shamir_3_5|replication
pilot,0,59,iid_p50,0,E1|G1|L2|E2|L1,gatl_uniform_3_5|native|rs_2_5_gateway_check|rs_3_5|gatl_gateway|shamir_3_5|replication
pilot,0,59,iid_p30,20,E1|G1|L2|E2|L1,gatl_uniform_3_5|native|rs_2_5_gateway_check|rs_3_5|gatl_gateway|shamir_3_5|replication
pilot,0,59,heterogeneous_example,21,E1|G1|L2|E2|L1,gatl_uniform_3_5|native|rs_2_5_gateway_check|rs_3_5|gatl_gateway|shamir_3_5|replication
pilot,0,59,iid_p00,31,E1|G1|L2|E2|L1,gatl_uniform_3_5|native|rs_2_5_gateway_check|rs_3_5|gatl_gateway|shamir_3_5|replication
pilot,0,59,iid_p55,0,E1|G1|L2|E2|L1,gatl_uniform_3_5|native|rs_2_5_gateway_check|rs_3_5|gatl_gateway|shamir_3_5|replication
pilot,0,60,iid_p35,27,L1|L2|E2|G1|E1,native|rs_2_5_gateway_check|rs_3_5|gatl_gateway|shamir_3_5|replication|gatl_uniform_3_5
pilot,0,60,iid_p55,19,L1|L2|E2|G1|E1,native|rs_2_5_gateway_check|rs_3_5|gatl_gateway|shamir_3_5|replication|gatl_uniform_3_5
pilot,0,60,iid_p00,31,L1|L2|E2|G1|E1,native|rs_2_5_gateway_check|rs_3_5|gatl_gateway|shamir_3_5|replication|gatl_uniform_3_5
pilot,0,60,shared_risk_matched_p20,24,L1|L2|E2|G1|E1,native|rs_2_5_gateway_check|rs_3_5|gatl_gateway|shamir_3_5|replication|gatl_uniform_3_5
pilot,0,60,iid_p50,19,L1|L2|E2|G1|E1,native|rs_2_5_gateway_check|rs_3_5|gatl_gateway|shamir_3_5|replication|gatl_uniform_3_5
pilot,0,60,iid_p40,19,L1|L2|E2|G1|E1,native|rs_2_5_gateway_check|rs_3_5|gatl_gateway|shamir_3_5|replication|gatl_uniform_3_5
pilot,0,60,iid_p60,19,L1|L2|E2|G1|E1,native|rs_2_5_gateway_check|rs_3_5|gatl_gateway|shamir_3_5|replication|gatl_uniform_3_5
pilot,0,60,iid_p15,31,L1|L2|E2|G1|E1,native|rs_2_5_gateway_check|rs_3_5|gatl_gateway|shamir_3_5|replication|gatl_uniform_3_5
pilot,0,60,iid_p45,19,L1|L2|E2|G1|E1,native|rs_2_5_gateway_check|rs_3_5|gatl_gateway|shamir_3_5|replication|gatl_uniform_3_5
pilot,0,60,iid_p25,27,L1|L2|E2|G1|E1,native|rs_2_5_gateway_check|rs_3_5|gatl_gateway|shamir_3_5|replication|gatl_uniform_3_5
pilot,0,60,iid_p20,27,L1|L2|E2|G1|E1,native|rs_2_5_gateway_check|rs_3_5|gatl_gateway|shamir_3_5|replication|gatl_uniform_3_5
pilot,0,60,iid_p30,27,L1|L2|E2|G1|E1,native|rs_2_5_gateway_check|rs_3_5|gatl_gateway|shamir_3_5|replication|gatl_uniform_3_5
pilot,0,60,iid_p05,31,L1|L2|E2|G1|E1,native|rs_2_5_gateway_check|rs_3_5|gatl_gateway|shamir_3_5|replication|gatl_uniform_3_5
pilot,0,60,iid_p10,31,L1|L2|E2|G1|E1,native|rs_2_5_gateway_check|rs_3_5|gatl_gateway|shamir_3_5|replication|gatl_uniform_3_5
pilot,0,60,heterogeneous_example,27,L1|L2|E2|G1|E1,native|rs_2_5_gateway_check|rs_3_5|gatl_gateway|shamir_3_5|replication|gatl_uniform_3_5
pilot,0,61,iid_p15,15,G1|E2|E1|L2|L1,rs_3_5|gatl_gateway|shamir_3_5|replication|gatl_uniform_3_5|native|rs_2_5_gateway_check
pilot,0,61,iid_p05,15,G1|E2|E1|L2|L1,rs_3_5|gatl_gateway|shamir_3_5|replication|gatl_uniform_3_5|native|rs_2_5_gateway_check
pilot,0,61,iid_p20,7,G1|E2|E1|L2|L1,rs_3_5|gatl_gateway|shamir_3_5|replication|gatl_uniform_3_5|native|rs_2_5_gateway_check
pilot,0,61,iid_p00,31,G1|E2|E1|L2|L1,rs_3_5|gatl_gateway|shamir_3_5|replication|gatl_uniform_3_5|native|rs_2_5_gateway_check
pilot,0,61,iid_p50,2,G1|E2|E1|L2|L1,rs_3_5|gatl_gateway|shamir_3_5|replication|gatl_uniform_3_5|native|rs_2_5_gateway_check
pilot,0,61,iid_p40,3,G1|E2|E1|L2|L1,rs_3_5|gatl_gateway|shamir_3_5|replication|gatl_uniform_3_5|native|rs_2_5_gateway_check
pilot,0,61,iid_p35,3,G1|E2|E1|L2|L1,rs_3_5|gatl_gateway|shamir_3_5|replication|gatl_uniform_3_5|native|rs_2_5_gateway_check
pilot,0,61,iid_p30,3,G1|E2|E1|L2|L1,rs_3_5|gatl_gateway|shamir_3_5|replication|gatl_uniform_3_5|native|rs_2_5_gateway_check
pilot,0,61,iid_p55,0,G1|E2|E1|L2|L1,rs_3_5|gatl_gateway|shamir_3_5|replication|gatl_uniform_3_5|native|rs_2_5_gateway_check
pilot,0,61,iid_p10,15,G1|E2|E1|L2|L1,rs_3_5|gatl_gateway|shamir_3_5|replication|gatl_uniform_3_5|native|rs_2_5_gateway_check
pilot,0,61,iid_p25,3,G1|E2|E1|L2|L1,rs_3_5|gatl_gateway|shamir_3_5|replication|gatl_uniform_3_5|native|rs_2_5_gateway_check
pilot,0,61,heterogeneous_example,11,G1|E2|E1|L2|L1,rs_3_5|gatl_gateway|shamir_3_5|replication|gatl_uniform_3_5|native|rs_2_5_gateway_check
pilot,0,61,iid_p60,0,G1|E2|E1|L2|L1,rs_3_5|gatl_gateway|shamir_3_5|replication|gatl_uniform_3_5|native|rs_2_5_gateway_check
pilot,0,61,shared_risk_matched_p20,15,G1|E2|E1|L2|L1,rs_3_5|gatl_gateway|shamir_3_5|replication|gatl_uniform_3_5|native|rs_2_5_gateway_check
pilot,0,61,iid_p45,2,G1|E2|E1|L2|L1,rs_3_5|gatl_gateway|shamir_3_5|replication|gatl_uniform_3_5|native|rs_2_5_gateway_check
pilot,0,62,iid_p15,29,E1|L2|E2|G1|L1,gatl_gateway|shamir_3_5|replication|gatl_uniform_3_5|native|rs_2_5_gateway_check|rs_3_5
pilot,0,62,iid_p05,31,E1|L2|E2|G1|L1,gatl_gateway|shamir_3_5|replication|gatl_uniform_3_5|native|rs_2_5_gateway_check|rs_3_5
pilot,0,62,shared_risk_matched_p20,29,E1|L2|E2|G1|L1,gatl_gateway|shamir_3_5|replication|gatl_uniform_3_5|native|rs_2_5_gateway_check|rs_3_5
pilot,0,62,iid_p10,29,E1|L2|E2|G1|L1,gatl_gateway|shamir_3_5|replication|gatl_uniform_3_5|native|rs_2_5_gateway_check|rs_3_5
pilot,0,62,iid_p25,29,E1|L2|E2|G1|L1,gatl_gateway|shamir_3_5|replication|gatl_uniform_3_5|native|rs_2_5_gateway_check|rs_3_5
pilot,0,62,iid_p60,17,E1|L2|E2|G1|L1,gatl_gateway|shamir_3_5|replication|gatl_uniform_3_5|native|rs_2_5_gateway_check|rs_3_5
pilot,0,62,iid_p45,29,E1|L2|E2|G1|L1,gatl_gateway|shamir_3_5|replication|gatl_uniform_3_5|native|rs_2_5_gateway_check|rs_3_5
pilot,0,62,iid_p35,29,E1|L2|E2|G1|L1,gatl_gateway|shamir_3_5|replication|gatl_uniform_3_5|native|rs_2_5_gateway_check|rs_3_5
pilot,0,62,iid_p20,29,E1|L2|E2|G1|L1,gatl_gateway|shamir_3_5|replication|gatl_uniform_3_5|native|rs_2_5_gateway_check|rs_3_5
pilot,0,62,heterogeneous_example,29,E1|L2|E2|G1|L1,gatl_gateway|shamir_3_5|replication|gatl_uniform_3_5|native|rs_2_5_gateway_check|rs_3_5
pilot,0,62,iid_p30,29,E1|L2|E2|G1|L1,gatl_gateway|shamir_3_5|replication|gatl_uniform_3_5|native|rs_2_5_gateway_check|rs_3_5
pilot,0,62,iid_p00,31,E1|L2|E2|G1|L1,gatl_gateway|shamir_3_5|replication|gatl_uniform_3_5|native|rs_2_5_gateway_check|rs_3_5
pilot,0,62,iid_p55,17,E1|L2|E2|G1|L1,gatl_gateway|shamir_3_5|replication|gatl_uniform_3_5|native|rs_2_5_gateway_check|rs_3_5
pilot,0,62,iid_p40,29,E1|L2|E2|G1|L1,gatl_gateway|shamir_3_5|replication|gatl_uniform_3_5|native|rs_2_5_gateway_check|rs_3_5
pilot,0,62,iid_p50,17,E1|L2|E2|G1|L1,gatl_gateway|shamir_3_5|replication|gatl_uniform_3_5|native|rs_2_5_gateway_check|rs_3_5
pilot,0,63,heterogeneous_example,11,G1|L1|E2|E1|L2,rs_3_5|gatl_uniform_3_5|gatl_gateway|shamir_3_5|rs_2_5_gateway_check|native|replication
pilot,0,63,iid_p05,15,G1|L1|E2|E1|L2,rs_3_5|gatl_uniform_3_5|gatl_gateway|shamir_3_5|rs_2_5_gateway_check|native|replication
pilot,0,63,iid_p45,11,G1|L1|E2|E1|L2,rs_3_5|gatl_uniform_3_5|gatl_gateway|shamir_3_5|rs_2_5_gateway_check|native|replication
pilot,0,63,iid_p60,11,G1|L1|E2|E1|L2,rs_3_5|gatl_uniform_3_5|gatl_gateway|shamir_3_5|rs_2_5_gateway_check|native|replication
pilot,0,63,iid_p55,11,G1|L1|E2|E1|L2,rs_3_5|gatl_uniform_3_5|gatl_gateway|shamir_3_5|rs_2_5_gateway_check|native|replication
pilot,0,63,iid_p35,11,G1|L1|E2|E1|L2,rs_3_5|gatl_uniform_3_5|gatl_gateway|shamir_3_5|rs_2_5_gateway_check|native|replication
pilot,0,63,iid_p50,11,G1|L1|E2|E1|L2,rs_3_5|gatl_uniform_3_5|gatl_gateway|shamir_3_5|rs_2_5_gateway_check|native|replication
pilot,0,63,shared_risk_matched_p20,15,G1|L1|E2|E1|L2,rs_3_5|gatl_uniform_3_5|gatl_gateway|shamir_3_5|rs_2_5_gateway_check|native|replication
pilot,0,63,iid_p20,11,G1|L1|E2|E1|L2,rs_3_5|gatl_uniform_3_5|gatl_gateway|shamir_3_5|rs_2_5_gateway_check|native|replication
pilot,0,63,iid_p40,11,G1|L1|E2|E1|L2,rs_3_5|gatl_uniform_3_5|gatl_gateway|shamir_3_5|rs_2_5_gateway_check|native|replication
pilot,0,63,iid_p15,15,G1|L1|E2|E1|L2,rs_3_5|gatl_uniform_3_5|gatl_gateway|shamir_3_5|rs_2_5_gateway_check|native|replication
pilot,0,63,iid_p10,15,G1|L1|E2|E1|L2,rs_3_5|gatl_uniform_3_5|gatl_gateway|shamir_3_5|rs_2_5_gateway_check|native|replication
pilot,0,63,iid_p25,11,G1|L1|E2|E1|L2,rs_3_5|gatl_uniform_3_5|gatl_gateway|shamir_3_5|rs_2_5_gateway_check|native|replication
pilot,0,63,iid_p00,31,G1|L1|E2|E1|L2,rs_3_5|gatl_uniform_3_5|gatl_gateway|shamir_3_5|rs_2_5_gateway_check|native|replication
pilot,0,63,iid_p30,11,G1|L1|E2|E1|L2,rs_3_5|gatl_uniform_3_5|gatl_gateway|shamir_3_5|rs_2_5_gateway_check|native|replication
